id,degree,coreness,pageRank,clustering,component
2155004456,35,2,0.01521018376831035,0.0,0
348058185,1,1,5.13169595431289E-4,0.0,0
1562740009,9,1,0.004176320939997956,0.0,0
1026755515039318016,1,1,5.380497234736934E-4,0.0,0
17748144,7,1,0.0033069218493117242,0.0,0
4885405884,1,1,5.453546914653844E-4,0.0,0
927290672553500672,27,2,0.011676638982427328,0.002849002849002849,0
1107957243763277824,1,1,5.110224223069798E-4,0.0,0
1102347200166797312,80,2,0.034110010533211235,0.02564102564102564,0
94280478,1,1,5.059569652783618E-4,0.0,0
2800888368,33,2,0.013880180583343268,0.0,0
1155660792970301440,1,1,5.011810933179244E-4,0.0,0
852787295316918276,108,1,0.04711233963710521,0.0,0
1082645984579108866,1,1,5.147191685133789E-4,0.0,0
1019082963349368832,58,2,0.0228717859818112,0.039786967418546364,0
1198798017496788992,1,1,4.7840579917889466E-4,0.0,0
18708396,258,3,0.1063648198229628,2.26223871142883E-4,0
31754107,1,1,4.939919319715994E-4,0.0,0
2241288482,8,2,0.00347292002334441,0.03571428571428571,0
1042013501269663744,1,1,5.12095051325719E-4,0.0,0
700971797374640128,14,2,0.00597353089274621,0.01098901098901099,0
441794508,1,1,5.056005085164936E-4,0.0,0
2670435529,1,1,4.939919319715994E-4,0.0,0
2922975874,11,1,0.004846837705703185,0.0,0
1178452335309332484,2,1,8.89406778377984E-4,0.0,0
35013035,29,1,0.012645940258032421,0.0,0
1910697216,18,2,0.00751407791158601,0.0,0
1160875269923753984,1,1,4.98551359069532E-4,0.0,0
1196432627353432067,1,1,4.7840579917889466E-4,0.0,0
78139923,1,1,5.144802222014186E-4,0.0,0
30257015,1,1,4.7840579917889466E-4,0.0,0
718353883991515136,5,1,0.002409508638985471,0.0,0
1222954182761684993,1,1,5.533501291834543E-4,0.0,0
2721904547,1,1,4.7840579917889466E-4,0.0,0
826564332,1,1,5.011810933179244E-4,0.0,0
1134461659328765953,22,2,0.00906912754612854,0.0,0
186116284,1,1,4.938932778769428E-4,0.0,0
820309949565714432,13,2,0.005612693428115269,0.00641025641025641,0
3069291624,1,1,5.103249736616511E-4,0.0,0
4422399434,1,1,4.7840579917889466E-4,0.0,0
1180735073701679104,1,1,4.7840579917889466E-4,0.0,0
74760102,1,1,4.7840579917889466E-4,0.0,0
831212959112114176,2,2,8.283615379649517E-4,0.5,0
1175499537743589377,1,1,4.7840579917889466E-4,0.0,0
533819133,1,1,4.7840579917889466E-4,0.0,0
42224694,1,1,4.7840579917889466E-4,0.0,0
877476061319221248,1,1,4.7840579917889466E-4,0.0,0
1191442065386807297,1,1,4.7840579917889466E-4,0.0,0
32580591,1,1,4.7840579917889466E-4,0.0,0
728426359005974528,1,1,4.7840579917889466E-4,0.0,0
1129297389125230592,1,1,4.7840579917889466E-4,0.0,0
962144383775764480,1,1,4.7840579917889466E-4,0.0,0
42808386,1,1,4.7840579917889466E-4,0.0,0
954350828940414976,1,1,4.7840579917889466E-4,0.0,0
739994344774475776,1,1,4.7840579917889466E-4,0.0,0
2673444552,1,1,4.7840579917889466E-4,0.0,0
75581856,1,1,4.7840579917889466E-4,0.0,0
4837293337,1,1,4.7840579917889466E-4,0.0,0
1115309847778615297,1,1,4.7840579917889466E-4,0.0,0
1196298845614985216,2,2,7.979273797367709E-4,2.0,0
838293705907916800,1,1,4.7840579917889466E-4,0.0,0
2842818418,2,2,7.979273797367709E-4,2.0,0
1160775618,1,1,4.7840579917889466E-4,0.0,0
28060265,1,1,4.7840579917889466E-4,0.0,0
1217173996908793858,7,2,0.0026325052742512635,0.6,0
1115723971654107136,1,1,4.7840579917889466E-4,0.0,0
293613793,1,1,4.7840579917889466E-4,0.0,0
1144340138769731586,1,1,4.7840579917889466E-4,0.0,0
1918016402,1,1,4.7840579917889466E-4,0.0,0
1207012674854363136,2,2,8.289902643874525E-4,1.5,0
1167795162883321861,1,1,4.7840579917889466E-4,0.0,0
1185894286409252864,1,1,4.7840579917889466E-4,0.0,0
114770420,2,2,8.289902643874525E-4,1.5,0
1941778850,1,1,4.7840579917889466E-4,0.0,0
36028398,22,3,0.007910164808718161,0.11904761904761904,0
1163909882724196353,2,2,7.823083837566407E-4,0.5,0
1118921804,4,2,0.001684796539623729,0.25,0
1606257728,1,1,4.7840579917889466E-4,0.0,0
1077571645932560384,1,1,4.7840579917889466E-4,0.0,0
3327424237,1,1,4.7840579917889466E-4,0.0,0
3114591728,1,1,4.7840579917889466E-4,0.0,0
25550683,2,2,7.979273797367709E-4,2.0,0
1255875523,1,1,4.7840579917889466E-4,0.0,0
1182079971914915840,1,1,4.7840579917889466E-4,0.0,0
1055441794262069248,1,1,4.7840579917889466E-4,0.0,0
1212422917033615360,1,1,4.7840579917889466E-4,0.0,0
3165752316,1,1,4.7840579917889466E-4,0.0,0
1142996754,2,2,8.36131077794495E-4,1.5,0
1275157212,1,1,4.7840579917889466E-4,0.0,0
945775983122092032,1,1,4.7840579917889466E-4,0.0,0
769633376944861184,4,2,0.0016595164622758198,0.16666666666666666,0
214266498,1,1,4.959065602613184E-4,0.0,0
50257835,29,1,0.012931839741969202,0.0,0
969371520,1,1,5.227224682865053E-4,0.0,0
951317370907209728,1,1,4.939919319715994E-4,0.0,0
992852624830554112,2,1,0.001051669333723599,0.0,0
1127921588698013697,2,1,9.604665068136934E-4,0.0,0
578112146,1,1,5.907043781454461E-4,0.0,0
856839231230095361,36,2,0.015765588977406975,0.0,0
1168200771352924160,1,1,5.160777428867689E-4,0.0,0
49616273,53,2,0.022636265747361037,0.0,0
711659815043407872,1,1,5.067718691801723E-4,0.0,0
1199772084102033410,1,1,5.110224223069798E-4,0.0,0
572366128,3,2,0.0013174019224892297,0.3333333333333333,0
573878166,1,1,5.164579342227254E-4,0.0,0
24213183,1,1,4.939919319715994E-4,0.0,0
1077371659529740288,4,3,0.0014182824746234593,0.6666666666666666,0
2165426407,1,1,4.4894821156592066E-4,0.0,0
952016470061404160,1,1,4.4894821156592066E-4,0.0,0
928395502164393984,1,1,4.4894821156592066E-4,0.0,0
871385613575925760,2,2,7.995326767744785E-4,0.5,0
1197241760805720065,2,2,7.995326767744785E-4,0.5,0
1211639926812364801,5,1,0.0020639666785747606,0.6666666666666666,0
916888176265895937,1,1,4.4894821156592066E-4,0.0,0
791114183903358977,2,2,7.499333643850184E-4,1.5,0
1889021912,2,2,7.995326767744785E-4,0.5,0
1005583452173987841,9,3,0.0031806537961763534,0.5,0
1187855556079341568,4,3,0.0014320829064856794,0.5,0
3333164233,1,1,4.4894821156592066E-4,0.0,0
822615255901683713,1,1,4.4894821156592066E-4,0.0,0
2916713439,2,2,7.995326767744785E-4,0.5,0
4062490634,1,1,4.4894821156592066E-4,0.0,0
1074149483804585984,1,1,4.4894821156592066E-4,0.0,0
1014566528,1,1,4.4894821156592066E-4,0.0,0
130922707,2,2,7.995326767744785E-4,0.5,0
789501139,1,1,5.110224223069798E-4,0.0,0
1189950713067118592,1,1,5.147191685133789E-4,0.0,0
57073835,1,1,5.227224682865053E-4,0.0,0
1168909450826190849,1,1,4.939919319715994E-4,0.0,0
3679563919,1,1,5.227224682865053E-4,0.0,0
130743591,1,1,4.939919319715994E-4,0.0,0
327469405,1,1,5.13169595431289E-4,0.0,0
992027271442649088,9,2,0.003848204950480449,0.0,0
245384322,1,1,5.069987604982234E-4,0.0,0
388736253,1,1,5.059569652783618E-4,0.0,0
1076556888165281793,1,1,5.067718691801723E-4,0.0,0
1200385421101936640,2,2,8.464910254698763E-4,0.0,0
954421446134001664,1,1,5.13169595431289E-4,0.0,0
1027918573757448193,1,1,5.011327453786419E-4,0.0,0
1108054943645212674,1,1,5.147191685133789E-4,0.0,0
1188161089046904832,13,2,0.005720909972546083,0.0,0
56320189,1,1,5.176881399702058E-4,0.0,0
260944087,2,2,7.942520427011949E-4,1.5,0
19350395,2,2,7.942520427011949E-4,1.5,0
1287084853,1,1,4.4366757749263706E-4,0.0,0
2360380008,1,1,4.938932778769428E-4,0.0,0
711382023210926081,1,1,4.939919319715994E-4,0.0,0
2958157228,1,1,4.938932778769428E-4,0.0,0
1094367646836056064,1,1,5.147191685133789E-4,0.0,0
2867431461,1,1,5.147191685133789E-4,0.0,0
1086299609993900032,1,1,4.939919319715994E-4,0.0,0
747085159858483200,1,1,5.227224682865053E-4,0.0,0
745285849068232704,1,1,4.939919319715994E-4,0.0,0
1161313251067645952,1,1,4.939919319715994E-4,0.0,0
1321671631,1,1,5.059569652783618E-4,0.0,0
446502819,1,1,4.939919319715994E-4,0.0,0
1381521512,1,1,5.056005085164936E-4,0.0,0
2806038415,11,1,0.005086049596387806,0.0,0
981843302432608257,1,1,5.36825576935983E-4,0.0,0
702175516959367172,1,1,5.160777428867689E-4,0.0,0
8835382,36,2,0.015174450933894228,0.0,0
928115358032187398,1,1,5.020471451443844E-4,0.0,0
920420595996733440,1,1,4.939919319715994E-4,0.0,0
201177335,1,1,4.939919319715994E-4,0.0,0
823033611855142915,1,1,5.227224682865053E-4,0.0,0
357473125,1,1,5.147191685133789E-4,0.0,0
929832459016925185,1,1,5.011810933179244E-4,0.0,0
1050444977275265024,1,1,5.059569652783618E-4,0.0,0
962734832118726656,1,1,5.227224682865053E-4,0.0,0
67338799,1,1,5.227224682865053E-4,0.0,0
116143055,3,1,0.0012821809922116986,1.5,0
1048873314364547076,1,1,4.939919319715994E-4,0.0,0
273897097,1,1,5.36825576935983E-4,0.0,0
885090810,1,1,4.939919319715994E-4,0.0,0
1172326826053517312,1,1,5.011810933179244E-4,0.0,0
1123009827020656642,1,1,5.176881399702058E-4,0.0,0
893708946334023680,1,1,5.059569652783618E-4,0.0,0
918908807387975681,1,1,4.98551359069532E-4,0.0,0
3313339219,1,1,5.227224682865053E-4,0.0,0
3892577853,1,1,5.147191685133789E-4,0.0,0
768127433102987264,1,1,5.533501291834543E-4,0.0,0
810995903209279488,1,1,4.939919319715994E-4,0.0,0
1045325664709009408,4,2,0.0016526108834675401,0.0,0
957133875360116737,1,1,4.946900252836039E-4,0.0,0
2329329656,1,1,5.059569652783618E-4,0.0,0
944765345662775296,1,1,5.12095051325719E-4,0.0,0
1175024590810210304,1,1,4.939919319715994E-4,0.0,0
49239992,1,1,5.160777428867689E-4,0.0,0
1146903176420810753,8,1,0.0035425142395614844,0.0,0
1365290798,1,1,5.201675049124729E-4,0.0,0
868164088635039744,1,1,5.160777428867689E-4,0.0,0
343052864,2,2,8.735719208222999E-4,0.5,0
1167491816,1,1,5.011810933179244E-4,0.0,0
1129412194779766784,20,1,0.008883350335757434,0.0,0
1200427543561723904,1,1,5.212831080513724E-4,0.0,0
272191103,1,1,5.110224223069798E-4,0.0,0
3222921301,2,1,0.001052836665176777,0.0,0
822923417028435968,1,1,5.912192527069719E-4,0.0,0
325429568,1,1,5.067718691801723E-4,0.0,0
784536925751373825,1,1,4.939919319715994E-4,0.0,0
4888131867,1,1,5.147191685133789E-4,0.0,0
1122925318631825410,1,1,5.067718691801723E-4,0.0,0
966492393548660736,1,1,4.939919319715994E-4,0.0,0
113117866,1,1,5.171235671713521E-4,0.0,0
1024647535661600768,3,2,0.0013212594623576465,0.0,0
992831582749757443,2,2,8.815891418799533E-4,0.0,0
1086190946704900096,1,1,4.939919319715994E-4,0.0,0
735101078,1,1,5.144802222014186E-4,0.0,0
1101822316147728385,1,1,5.227224682865053E-4,0.0,0
71957889,1,1,5.227224682865053E-4,0.0,0
1675913107,1,1,5.227224682865053E-4,0.0,0
1049650312930242560,1,1,5.227224682865053E-4,0.0,0
148764351,1,1,5.227224682865053E-4,0.0,0
3129872906,1,1,5.227224682865053E-4,0.0,0
143402288,1,1,5.227224682865053E-4,0.0,0
85273941,1,1,5.227224682865053E-4,0.0,0
1151329801736613888,1,1,5.227224682865053E-4,0.0,0
86241025,1,1,5.227224682865053E-4,0.0,0
2189918461,1,1,5.227224682865053E-4,0.0,0
75972047,13,1,0.005715976086007277,0.0,0
717638317,1,1,5.227224682865053E-4,0.0,0
93171186,1,1,5.227224682865053E-4,0.0,0
94804582,1,1,5.227224682865053E-4,0.0,0
76989128,1,1,5.227224682865053E-4,0.0,0
168688425,1,1,5.227224682865053E-4,0.0,0
804699353017303041,1,1,5.227224682865053E-4,0.0,0
3073309482,1,1,5.227224682865053E-4,0.0,0
1338194694,1,1,5.227224682865053E-4,0.0,0
1743765402,1,1,5.227224682865053E-4,0.0,0
1016389614230126592,1,1,5.059569652783618E-4,0.0,0
251261409,10,1,0.004629436122104533,0.0,0
18939725,1,1,5.373944589206854E-4,0.0,0
1110674310950199296,1,1,5.212831080513724E-4,0.0,0
28419811,1,1,4.84485740718522E-4,0.0,0
730822139956236288,6,2,0.0024116230034457982,0.0,0
3003720760,12,2,0.004938813920888417,0.0,0
266126530,1,1,4.933632055490986E-4,0.0,0
102061187,1,1,4.98551359069532E-4,0.0,0
1157802186551828480,1,1,5.147191685133789E-4,0.0,0
800080023843532800,1,1,5.13169595431289E-4,0.0,0
1935335732,1,1,5.020471451443844E-4,0.0,0
764045186,1,1,5.103249736616511E-4,0.0,0
793585327168421892,1,1,5.103249736616511E-4,0.0,0
823331553308803073,1,1,5.103249736616511E-4,0.0,0
1179778978372030464,5,2,0.0020701646478181344,0.6666666666666666,0
341020028,1,1,5.103249736616511E-4,0.0,0
721660005376626688,1,1,5.103249736616511E-4,0.0,0
340482968,1,1,5.103249736616511E-4,0.0,0
1949424703,2,2,8.616075321822132E-4,0.0,0
17178964,1,1,5.103249736616511E-4,0.0,0
1117808112252092416,2,1,9.888469893593805E-4,0.0,0
875211633320120321,1,1,5.103249736616511E-4,0.0,0
933260127389413376,1,1,5.103249736616511E-4,0.0,0
735137489938055168,1,1,4.939919319715994E-4,0.0,0
1431964465,1,1,4.939919319715994E-4,0.0,0
3384684106,1,1,5.147191685133789E-4,0.0,0
2613758035,1,1,5.147191685133789E-4,0.0,0
1045659315888164864,1,1,5.059569652783618E-4,0.0,0
4204685601,1,1,5.144802222014186E-4,0.0,0
1037749060462104576,1,1,4.938932778769428E-4,0.0,0
973280430240739330,1,1,4.939919319715994E-4,0.0,0
1221452666938720259,1,1,5.160777428867689E-4,0.0,0
3380780577,1,1,4.939919319715994E-4,0.0,0
1154794592509628417,1,1,5.13169595431289E-4,0.0,0
1109163883082637312,9,2,0.0038723325937649444,0.0,0
2188134662,1,1,5.090987102046693E-4,0.0,0
893687675861045248,1,1,4.939919319715994E-4,0.0,0
880953723958284288,1,1,5.380497234736934E-4,0.0,0
968533435265503233,1,1,5.011810933179244E-4,0.0,0
2818688681,1,1,5.147191685133789E-4,0.0,0
1003683294502891526,1,1,5.059569652783618E-4,0.0,0
996043120570757121,1,1,4.939919319715994E-4,0.0,0
1202607134476685312,1,1,4.98551359069532E-4,0.0,0
2573512140,1,1,4.939919319715994E-4,0.0,0
885957619919200256,1,1,4.939919319715994E-4,0.0,0
2514475647,1,1,4.939919319715994E-4,0.0,0
2305422800,1,1,4.669263532510852E-4,0.0,0
828527846,6,2,0.0022879088046365696,0.03333333333333333,0
1051896098837618689,1,1,4.939919319715994E-4,0.0,0
1096416340498239490,1,1,4.939919319715994E-4,0.0,0
1188253005650550784,1,1,4.938932778769428E-4,0.0,0
769809970816659456,1,1,5.163034504255394E-4,0.0,0
1220517963507425280,1,1,5.160777428867689E-4,0.0,0
745669328,2,1,8.734779152460972E-4,0.0,0
1077528568022724608,1,1,5.056005085164936E-4,0.0,0
3136409241,1,1,5.056005085164936E-4,0.0,0
339735417,1,1,5.056005085164936E-4,0.0,0
1168515297785069569,1,1,5.056005085164936E-4,0.0,0
957070498839478273,1,1,5.056005085164936E-4,0.0,0
958315242865463296,1,1,5.056005085164936E-4,0.0,0
2933349943,1,1,5.056005085164936E-4,0.0,0
317156510,2,2,8.786509759761773E-4,1.0,0
1200069581894643712,1,1,5.056005085164936E-4,0.0,0
1192774871723520000,1,1,5.056005085164936E-4,0.0,0
794383639236710400,1,1,4.939919319715994E-4,0.0,0
495360584,1,1,5.373944589206854E-4,0.0,0
1084130202916175872,1,1,4.939919319715994E-4,0.0,0
91736511,1,1,4.939919319715994E-4,0.0,0
955539234617790465,1,1,4.939919319715994E-4,0.0,0
975020947731296256,1,1,5.380497234736934E-4,0.0,0
1216178594554183680,1,1,5.144802222014186E-4,0.0,0
1622970242,1,1,5.020471451443844E-4,0.0,0
1094165830101880832,3,1,0.0015167086544102689,0.0,0
59854952,1,1,5.736119421152928E-4,0.0,0
289041919,1,1,4.939919319715994E-4,0.0,0
399522857,1,1,5.160777428867689E-4,0.0,0
756181909592354816,1,1,5.147191685133789E-4,0.0,0
297416791,2,2,8.645941448239958E-4,1.0,0
3229908828,1,1,4.939919319715994E-4,0.0,0
762284686349574144,5,1,0.0023944259273329135,0.0,0
991603167199617025,1,1,5.5068985794912E-4,0.0,0
920621902988791810,1,1,5.5068985794912E-4,0.0,0
848527946134540288,2,1,9.012743231576777E-4,0.0,0
25383811,1,1,5.5068985794912E-4,0.0,0
2197145467,1,1,5.5068985794912E-4,0.0,0
955512771982057472,1,1,4.939919319715994E-4,0.0,0
1061715383483154432,1,1,5.160777428867689E-4,0.0,0
1076392515815694338,1,1,5.110224223069798E-4,0.0,0
1207990369578696704,1,1,5.160777428867689E-4,0.0,0
4187049557,1,1,5.147191685133789E-4,0.0,0
23273932,8,2,0.0032672130248537455,0.0,0
23930264,1,1,4.904839745507407E-4,0.0,0
782216178286653440,1,1,5.020471451443844E-4,0.0,0
1093519191662051328,2,2,8.417665330713028E-4,0.0,0
916386665844957185,1,1,4.933632055490986E-4,0.0,0
1199027114,1,1,5.020471451443844E-4,0.0,0
3077923751,1,1,4.938932778769428E-4,0.0,0
3154426618,1,1,5.020471451443844E-4,0.0,0
19293656,1,1,5.736119421152928E-4,0.0,0
1202464216181026816,1,1,4.938932778769428E-4,0.0,0
2872976578,1,1,5.201675049124729E-4,0.0,0
1222279764662198272,1,1,5.201675049124729E-4,0.0,0
60009818,1,1,5.201675049124729E-4,0.0,0
3000452181,2,1,8.914792066628103E-4,0.0,0
128118517,1,1,5.201675049124729E-4,0.0,0
1138430798791684097,2,1,8.827170034277932E-4,0.5,0
863739374562721797,1,1,5.201675049124729E-4,0.0,0
3213896841,1,1,4.939919319715994E-4,0.0,0
3038695929,1,1,5.059569652783618E-4,0.0,0
771766979673853952,10,1,0.004602644344404494,0.0,0
1136930984035782656,1,1,5.349563228773994E-4,0.0,0
816280754607030272,1,1,4.939919319715994E-4,0.0,0
2612252756,1,1,5.147191685133789E-4,0.0,0
850282777383542784,1,1,5.067718691801723E-4,0.0,0
466114522,2,1,8.855407880859573E-4,0.0,0
29547555,2,2,8.644521539518511E-4,0.0,0
80741093,1,1,5.144802222014186E-4,0.0,0
1023774183338246150,1,1,4.98551359069532E-4,0.0,0
959515025584123904,1,1,5.176881399702058E-4,0.0,0
1215705976655007744,1,1,5.160777428867689E-4,0.0,0
80173790,2,2,8.833793834118333E-4,0.0,0
1172539356361502720,2,2,8.33924931451485E-4,0.0,0
144867248,3,2,0.0011997150644556783,0.0,0
834800247503196160,1,1,5.147191685133789E-4,0.0,0
823036614410502144,1,1,4.939919319715994E-4,0.0,0
1213084474767863808,1,1,5.147191685133789E-4,0.0,0
947466054669864960,1,1,5.13169595431289E-4,0.0,0
3160381099,1,1,5.110224223069798E-4,0.0,0
1108155306087862272,3,2,0.001329149993568833,0.3333333333333333,0
3068663199,1,1,5.110224223069798E-4,0.0,0
4692854762,1,1,5.110224223069798E-4,0.0,0
175243720,1,1,5.110224223069798E-4,0.0,0
969831204579979264,1,1,5.110224223069798E-4,0.0,0
1166937807127887874,1,1,5.110224223069798E-4,0.0,0
888699636327698432,1,1,5.110224223069798E-4,0.0,0
1198215303177609217,1,1,5.110224223069798E-4,0.0,0
1112241918447017984,1,1,5.110224223069798E-4,0.0,0
1212976747295068160,1,1,5.110224223069798E-4,0.0,0
2403130999,1,1,5.110224223069798E-4,0.0,0
1086817477642792960,1,1,5.110224223069798E-4,0.0,0
1169507702550274048,1,1,5.110224223069798E-4,0.0,0
1184910090802884609,1,1,5.110224223069798E-4,0.0,0
1097608224834899968,2,2,8.872269256328093E-4,1.0,0
1031451919691046912,1,1,5.110224223069798E-4,0.0,0
1613642119,1,1,5.110224223069798E-4,0.0,0
292904253,1,1,5.110224223069798E-4,0.0,0
1109387770089226240,1,1,5.110224223069798E-4,0.0,0
1120610094452858881,1,1,5.110224223069798E-4,0.0,0
789492553070604288,1,1,5.147191685133789E-4,0.0,0
123640968,1,1,5.160777428867689E-4,0.0,0
1161312674480885760,1,1,4.98551359069532E-4,0.0,0
797394060331847680,2,1,8.712388468374294E-4,0.0,0
1219807256180555776,1,1,5.212831080513724E-4,0.0,0
317625976,1,1,5.212831080513724E-4,0.0,0
1115571496817238017,1,1,5.212831080513724E-4,0.0,0
3296864433,1,1,5.212831080513724E-4,0.0,0
285002098,1,1,5.212831080513724E-4,0.0,0
1122967630435049472,1,1,5.212831080513724E-4,0.0,0
1035113356980641792,1,1,5.212831080513724E-4,0.0,0
988365682537648129,1,1,5.212831080513724E-4,0.0,0
1169649345614032897,1,1,5.212831080513724E-4,0.0,0
1213908127239639040,1,1,5.212831080513724E-4,0.0,0
981089397742493697,2,1,9.71754901502345E-4,0.0,0
1106710810452258821,1,1,5.212831080513724E-4,0.0,0
1092402514652250113,1,1,5.212831080513724E-4,0.0,0
130795592,1,1,5.212831080513724E-4,0.0,0
1160050522939744257,1,1,5.212831080513724E-4,0.0,0
772199754482741248,1,1,5.212831080513724E-4,0.0,0
1082439847166529537,1,1,5.212831080513724E-4,0.0,0
1106637802974912513,1,1,5.020471451443844E-4,0.0,0
2577718669,1,1,5.144802222014186E-4,0.0,0
1050222694510211072,1,1,4.939919319715994E-4,0.0,0
881516756736647168,1,1,5.373944589206854E-4,0.0,0
22810235,2,2,8.645454957350551E-4,0.0,0
466728753,2,1,0.0010076017955422522,0.0,0
1059920822813577223,1,1,5.716979903833967E-4,0.0,0
1181984682772221954,1,1,5.144802222014186E-4,0.0,0
68203308,1,1,5.067718691801723E-4,0.0,0
1966704782,6,1,0.0028037998673672805,0.0,0
928998593670807552,1,1,5.401217784435625E-4,0.0,0
994006286873387008,1,1,4.939919319715994E-4,0.0,0
713707634898124800,1,1,5.147191685133789E-4,0.0,0
942126143980933120,3,1,0.0013475647996447505,0.0,0
1219344216041586688,1,1,5.244568723015025E-4,0.0,0
3406786625,1,1,4.939919319715994E-4,0.0,0
396622827,1,1,4.939919319715994E-4,0.0,0
84822972,1,1,5.160777428867689E-4,0.0,0
149556442,1,1,5.160777428867689E-4,0.0,0
1213676391914303488,1,1,5.160777428867689E-4,0.0,0
2959143236,2,2,8.738513694416518E-4,0.0,0
1188093856232792066,1,1,5.160777428867689E-4,0.0,0
948071450484846593,1,1,5.160777428867689E-4,0.0,0
66921001,1,1,5.160777428867689E-4,0.0,0
728952668538830848,1,1,5.160777428867689E-4,0.0,0
702930045,1,1,5.160777428867689E-4,0.0,0
1187434931863068675,1,1,5.160777428867689E-4,0.0,0
1220953910573248512,1,1,5.160777428867689E-4,0.0,0
1222931067226742788,1,1,5.160777428867689E-4,0.0,0
1163109116316794885,1,1,5.160777428867689E-4,0.0,0
1222931713493352448,1,1,5.160777428867689E-4,0.0,0
1096559274606551040,1,1,5.160777428867689E-4,0.0,0
3254923812,1,1,5.160777428867689E-4,0.0,0
1473209256,1,1,5.160777428867689E-4,0.0,0
120954756,1,1,5.160777428867689E-4,0.0,0
137908170,1,1,5.160777428867689E-4,0.0,0
193514165,1,1,5.160777428867689E-4,0.0,0
2455624916,1,1,5.160777428867689E-4,0.0,0
1184888144073822208,1,1,5.160777428867689E-4,0.0,0
1116568406847713280,1,1,5.160777428867689E-4,0.0,0
1135100917,2,2,8.786272414020891E-4,0.5,0
1173902622664736768,1,1,5.160777428867689E-4,0.0,0
170334575,2,1,9.087061606710226E-4,0.0,0
1119306567315329026,1,1,5.059569652783618E-4,0.0,0
225964618,1,1,5.450491998427354E-4,0.0,0
1151431086104297472,3,1,0.0014200540253264606,0.0,0
3220886461,1,1,5.13169595431289E-4,0.0,0
1002481657717325824,1,1,4.939919319715994E-4,0.0,0
864230060177457154,1,1,5.183340229396069E-4,0.0,0
792854173628923905,1,1,5.144802222014186E-4,0.0,0
1030590531728945152,1,1,4.6292904732091785E-4,0.0,0
771820890,1,1,5.011810933179244E-4,0.0,0
1023955079370616832,1,1,4.933632055490986E-4,0.0,0
1093211117697097729,1,1,4.939919319715994E-4,0.0,0
1103541456759709696,1,1,5.08422349469136E-4,0.0,0
61170702,3,2,0.001290264878735176,0.0,0
2606569491,1,1,4.939919319715994E-4,0.0,0
1211022561682673666,1,1,4.939919319715994E-4,0.0,0
50297008,1,1,4.939919319715994E-4,0.0,0
2927103282,2,1,9.633511032688815E-4,0.0,0
2437613556,1,1,5.520811513202858E-4,0.0,0
17995387,1,1,5.183340229396069E-4,0.0,0
2305349144,1,1,5.147191685133789E-4,0.0,0
1361415758,1,1,5.059569652783618E-4,0.0,0
1206267670997479424,1,1,5.059569652783618E-4,0.0,0
39002436,1,1,5.059569652783618E-4,0.0,0
890941069327835137,1,1,5.147191685133789E-4,0.0,0
925030944213491712,1,1,4.939919319715994E-4,0.0,0
46723270,1,1,5.147191685133789E-4,0.0,0
1964708473,1,1,5.059569652783618E-4,0.0,0
856211519230455808,1,1,4.939919319715994E-4,0.0,0
17787675,2,1,9.954507580253041E-4,0.0,0
560555551,1,1,5.654573914264111E-4,0.0,0
606311273,1,1,5.147191685133789E-4,0.0,0
44046570,1,1,5.020471451443844E-4,0.0,0
24568065,1,1,4.939919319715994E-4,0.0,0
441431514,2,2,8.645454957350551E-4,0.0,0
937694969153970176,1,1,4.939919319715994E-4,0.0,0
1203488502358388737,1,1,5.183340229396069E-4,0.0,0
939297516,1,1,5.349563228773994E-4,0.0,0
1185616112349827072,1,1,5.349563228773994E-4,0.0,0
1184257572133658626,1,1,5.349563228773994E-4,0.0,0
2811181310,1,1,5.349563228773994E-4,0.0,0
950361731368456192,1,1,5.349563228773994E-4,0.0,0
2981739731,1,1,5.349563228773994E-4,0.0,0
995037607246663680,1,1,5.349563228773994E-4,0.0,0
3097484633,1,1,5.349563228773994E-4,0.0,0
1208078390617616385,1,1,5.147191685133789E-4,0.0,0
848991775,1,1,5.163034504255394E-4,0.0,0
17414309,1,1,4.939919319715994E-4,0.0,0
1036146690787618817,1,1,5.069987604982234E-4,0.0,0
1029297243365548033,1,1,5.069987604982234E-4,0.0,0
855986678,1,1,5.069987604982234E-4,0.0,0
274079885,1,1,5.069987604982234E-4,0.0,0
884095964730019841,2,2,8.695482590135435E-4,0.5,0
4319652797,1,1,5.069987604982234E-4,0.0,0
4598594969,1,1,5.059569652783618E-4,0.0,0
2951799664,1,1,5.059569652783618E-4,0.0,0
771894270622109696,1,1,5.147191685133789E-4,0.0,0
970298456110698498,5,1,0.0020973259276773557,0.5833333333333334,0
1198398320785395712,1,1,4.999055676998176E-4,0.0,0
2237957383,1,1,5.36825576935983E-4,0.0,0
2833916030,1,1,5.067718691801723E-4,0.0,0
49034876,1,1,5.020471451443844E-4,0.0,0
5554132,1,1,5.373944589206854E-4,0.0,0
261045020,1,1,4.939919319715994E-4,0.0,0
1952275405,1,1,5.059569652783618E-4,0.0,0
1162320281475719169,1,1,5.147191685133789E-4,0.0,0
1195864814733680641,1,1,5.13169595431289E-4,0.0,0
84791510,1,1,4.95048897746593E-4,0.0,0
864621686259236864,1,1,5.144802222014186E-4,0.0,0
1112872177102143488,1,1,5.453546914653844E-4,0.0,0
1167793789001490433,2,1,9.164274469037613E-4,0.0,0
136332449,1,1,5.453546914653844E-4,0.0,0
1195082584742649856,1,1,5.453546914653844E-4,0.0,0
2245099266,1,1,5.453546914653844E-4,0.0,0
252913066,1,1,5.453546914653844E-4,0.0,0
981557586741866497,1,1,5.059569652783618E-4,0.0,0
4287265097,1,1,5.533501291834543E-4,0.0,0
2911171937,2,1,9.16714531600585E-4,0.0,0
1217924764087595009,1,1,5.533501291834543E-4,0.0,0
3129280065,1,1,4.904839745507407E-4,0.0,0
35216825,1,1,4.939919319715994E-4,0.0,0
1154849444455682048,1,1,4.939919319715994E-4,0.0,0
1147673573596762117,1,1,5.147191685133789E-4,0.0,0
804055305483128832,1,1,5.13169595431289E-4,0.0,0
2806149773,1,1,5.020471451443844E-4,0.0,0
1040934259610071041,1,1,5.176881399702058E-4,0.0,0
1073576321241018370,1,1,5.373944589206854E-4,0.0,0
467949357,1,1,5.059569652783618E-4,0.0,0
727955385051582464,1,1,5.12095051325719E-4,0.0,0
850457504303783940,1,1,5.36825576935983E-4,0.0,0
1163040056837324800,1,1,4.938932778769428E-4,0.0,0
1200511914012561408,1,1,4.904839745507407E-4,0.0,0
3862950393,1,1,5.147191685133789E-4,0.0,0
18850008,1,1,5.067718691801723E-4,0.0,0
1105170663269167105,1,1,5.067718691801723E-4,0.0,0
2857094567,2,1,0.0010335270332323678,0.0,0
2342630384,1,1,5.821505860110871E-4,0.0,0
122687626,4,1,0.0018616952626711561,0.0,0
790818949,1,1,5.011810933179244E-4,0.0,0
2729245691,1,1,5.011810933179244E-4,0.0,0
70484323,1,1,5.011810933179244E-4,0.0,0
1222944019275231232,1,1,5.011810933179244E-4,0.0,0
220308392,1,1,5.011810933179244E-4,0.0,0
280124624,1,1,5.011810933179244E-4,0.0,0
806427101544878080,1,1,5.011810933179244E-4,0.0,0
753814766,1,1,5.011810933179244E-4,0.0,0
29825474,1,1,5.011810933179244E-4,0.0,0
251754573,1,1,5.011810933179244E-4,0.0,0
1213542265609568256,1,1,5.011810933179244E-4,0.0,0
1174229834618331137,1,1,5.011810933179244E-4,0.0,0
1040227206516158464,1,1,5.011810933179244E-4,0.0,0
902085932152750081,1,1,5.011810933179244E-4,0.0,0
1211624591946182660,1,1,5.011810933179244E-4,0.0,0
173556838,1,1,5.011810933179244E-4,0.0,0
3345759671,1,1,5.011810933179244E-4,0.0,0
478889658,1,1,5.011810933179244E-4,0.0,0
1197863800138915842,1,1,5.011810933179244E-4,0.0,0
268196092,1,1,5.011810933179244E-4,0.0,0
832541698815299584,2,2,8.645454957350551E-4,0.0,0
1095449303064035329,1,1,5.011810933179244E-4,0.0,0
1084561329132920838,1,1,4.939919319715994E-4,0.0,0
1179543289181212673,1,1,5.059569652783618E-4,0.0,0
36912627,1,1,5.067718691801723E-4,0.0,0
114127411,1,1,4.999055676998176E-4,0.0,0
896356018443235328,1,1,4.939919319715994E-4,0.0,0
2394813020,1,1,4.939919319715994E-4,0.0,0
1170498368604463104,1,1,5.631243967060079E-4,0.0,0
1156190869642498048,2,2,8.491358242780898E-4,0.0,0
3266573899,1,1,5.401217784435625E-4,0.0,0
1151420836588544002,1,1,5.147191685133789E-4,0.0,0
1082336227309830146,1,1,5.147191685133789E-4,0.0,0
14414133,2,1,9.449236438656302E-4,0.0,0
1147958780858179584,1,1,5.147191685133789E-4,0.0,0
4887295569,1,1,5.147191685133789E-4,0.0,0
47615797,1,1,5.147191685133789E-4,0.0,0
1018818626022002691,1,1,5.147191685133789E-4,0.0,0
2178722603,1,1,5.147191685133789E-4,0.0,0
1207288888198402048,1,1,5.147191685133789E-4,0.0,0
839380769449590784,1,1,5.147191685133789E-4,0.0,0
2626063733,1,1,5.147191685133789E-4,0.0,0
1645097844,1,1,5.147191685133789E-4,0.0,0
447959507,1,1,5.147191685133789E-4,0.0,0
2325836667,1,1,5.147191685133789E-4,0.0,0
823673648347303937,1,1,5.147191685133789E-4,0.0,0
2728177162,1,1,5.147191685133789E-4,0.0,0
1053004308353048578,1,1,5.147191685133789E-4,0.0,0
2453337357,1,1,5.147191685133789E-4,0.0,0
741347459490848768,1,1,5.147191685133789E-4,0.0,0
1139496288779677702,1,1,5.147191685133789E-4,0.0,0
2462035774,2,1,9.958496035142991E-4,0.0,0
1105807896292614145,1,1,5.147191685133789E-4,0.0,0
4086159995,1,1,5.147191685133789E-4,0.0,0
840554184126668801,1,1,5.147191685133789E-4,0.0,0
549164087,1,1,5.147191685133789E-4,0.0,0
411423447,1,1,5.147191685133789E-4,0.0,0
892796790008950793,1,1,5.147191685133789E-4,0.0,0
749552841623212033,1,1,5.147191685133789E-4,0.0,0
1327675928,1,1,5.147191685133789E-4,0.0,0
753946640,1,1,5.147191685133789E-4,0.0,0
3222623040,1,1,5.147191685133789E-4,0.0,0
2981952473,1,1,5.147191685133789E-4,0.0,0
2538730972,1,1,5.147191685133789E-4,0.0,0
1065879666,1,1,5.147191685133789E-4,0.0,0
242396024,1,1,5.147191685133789E-4,0.0,0
1048639075278893056,1,1,5.147191685133789E-4,0.0,0
2608067305,1,1,5.147191685133789E-4,0.0,0
2228841930,1,1,5.147191685133789E-4,0.0,0
792421759228215296,1,1,5.147191685133789E-4,0.0,0
792833417104748544,1,1,5.147191685133789E-4,0.0,0
1191068210759708672,1,1,5.147191685133789E-4,0.0,0
2861176607,1,1,5.147191685133789E-4,0.0,0
1135259298,1,1,5.147191685133789E-4,0.0,0
3350743408,1,1,5.147191685133789E-4,0.0,0
878002415865384960,1,1,5.147191685133789E-4,0.0,0
1068977662457257985,1,1,5.147191685133789E-4,0.0,0
33520863,1,1,5.147191685133789E-4,0.0,0
2186282686,1,1,5.147191685133789E-4,0.0,0
2611129269,1,1,5.147191685133789E-4,0.0,0
595024951,1,1,5.147191685133789E-4,0.0,0
43730427,1,1,5.147191685133789E-4,0.0,0
836311658,1,1,5.147191685133789E-4,0.0,0
999941516444528640,1,1,5.147191685133789E-4,0.0,0
1181658203324665862,1,1,5.147191685133789E-4,0.0,0
770343943674466304,1,1,5.147191685133789E-4,0.0,0
3195789017,1,1,5.147191685133789E-4,0.0,0
1163070119800713221,1,1,5.147191685133789E-4,0.0,0
1676438311,1,1,5.147191685133789E-4,0.0,0
1890086862,1,1,5.147191685133789E-4,0.0,0
1050024948864045056,1,1,5.147191685133789E-4,0.0,0
788056348009308161,1,1,5.147191685133789E-4,0.0,0
2306452739,1,1,5.147191685133789E-4,0.0,0
822776526080974849,1,1,5.147191685133789E-4,0.0,0
793780794,1,1,5.147191685133789E-4,0.0,0
2984811731,1,1,5.147191685133789E-4,0.0,0
767770309399289860,1,1,5.147191685133789E-4,0.0,0
4244460531,1,1,5.147191685133789E-4,0.0,0
3905195070,1,1,5.147191685133789E-4,0.0,0
703005266569252864,1,1,5.147191685133789E-4,0.0,0
1114593339754647552,1,1,5.147191685133789E-4,0.0,0
773950678955884544,1,1,5.147191685133789E-4,0.0,0
2779588149,1,1,5.147191685133789E-4,0.0,0
2959340609,1,1,5.147191685133789E-4,0.0,0
1102283073943687169,1,1,5.147191685133789E-4,0.0,0
1026238111943217152,1,1,5.147191685133789E-4,0.0,0
1159740452045803520,1,1,5.147191685133789E-4,0.0,0
1220297106205835265,1,1,5.147191685133789E-4,0.0,0
476036740,1,1,5.147191685133789E-4,0.0,0
287505023,3,1,0.001340020167578294,0.0,0
1220875020219682816,1,1,5.183340229396069E-4,0.0,0
917849072093892608,1,1,5.059569652783618E-4,0.0,0
756451859640963073,1,1,4.938932778769428E-4,0.0,0
1166480871584665601,1,1,5.13169595431289E-4,0.0,0
896932063684710400,1,1,5.176881399702058E-4,0.0,0
2555435112,1,1,5.163034504255394E-4,0.0,0
1063261994642370560,1,1,5.13169595431289E-4,0.0,0
1129087959339327488,7,2,0.003005635628018768,0.0,0
88456817,1,1,5.090987102046693E-4,0.0,0
799678912691204096,1,1,5.090987102046693E-4,0.0,0
1213679927653879808,1,1,5.090987102046693E-4,0.0,0
314419039,1,1,5.090987102046693E-4,0.0,0
1173547962586161152,1,1,5.090987102046693E-4,0.0,0
2629489590,1,1,4.939919319715994E-4,0.0,0
1100092806759178242,1,1,5.13169595431289E-4,0.0,0
1905502356,1,1,4.939919319715994E-4,0.0,0
105620059,1,1,5.078730414716428E-4,0.0,0
1097289500026462208,1,1,4.939919319715994E-4,0.0,0
1169351226674176000,1,1,5.144802222014186E-4,0.0,0
1089590063527284737,1,1,4.938932778769428E-4,0.0,0
251656684,1,1,5.059569652783618E-4,0.0,0
204915741,1,1,4.939919319715994E-4,0.0,0
158687579,1,1,5.163034504255394E-4,0.0,0
2273772217,1,1,4.939919319715994E-4,0.0,0
1741652718,1,1,4.98551359069532E-4,0.0,0
3395552014,1,1,5.373944589206854E-4,0.0,0
979006300284735489,1,1,5.373944589206854E-4,0.0,0
1204529350957322243,1,1,5.373944589206854E-4,0.0,0
411987281,1,1,5.373944589206854E-4,0.0,0
23087456,1,1,5.020471451443844E-4,0.0,0
437007938,1,1,5.059569652783618E-4,0.0,0
49685706,1,1,5.380497234736934E-4,0.0,0
93265000,1,1,5.380497234736934E-4,0.0,0
102202180,1,1,5.380497234736934E-4,0.0,0
1201184419723333632,1,1,5.380497234736934E-4,0.0,0
16224741,1,1,5.380497234736934E-4,0.0,0
1200440535942496256,1,1,4.939919319715994E-4,0.0,0
14819246,1,1,4.939919319715994E-4,0.0,0
473326717,1,1,4.939919319715994E-4,0.0,0
960240073617879040,2,1,0.0010592345111671612,0.0,0
1132041341389672449,1,1,5.078730414716428E-4,0.0,0
14082911,1,1,5.078730414716428E-4,0.0,0
362274812,1,1,5.078730414716428E-4,0.0,0
1097301546549694465,1,1,5.020471451443844E-4,0.0,0
1081035577783332866,1,1,4.939919319715994E-4,0.0,0
901623617833779201,1,1,5.13169595431289E-4,0.0,0
1190698906478432256,1,1,5.183340229396069E-4,0.0,0
143483210,1,1,5.183340229396069E-4,0.0,0
911949868343607296,1,1,5.183340229396069E-4,0.0,0
317223956,1,1,5.183340229396069E-4,0.0,0
864807148827660288,1,1,5.183340229396069E-4,0.0,0
523938688,1,1,4.939919319715994E-4,0.0,0
1055930895125938177,2,1,9.62292008145349E-4,0.0,0
936304563421941760,1,1,4.939919319715994E-4,0.0,0
2337236772,2,2,8.763278183515485E-4,0.0,0
931654388753432576,1,1,5.067718691801723E-4,0.0,0
708729684381589505,1,1,4.939919319715994E-4,0.0,0
259953451,1,1,5.020471451443844E-4,0.0,0
536484518,1,1,4.939919319715994E-4,0.0,0
969880908869390336,2,1,0.0010076017955422522,0.0,0
700781867566403584,1,1,5.716979903833967E-4,0.0,0
4866412145,2,1,9.202354730839898E-4,0.0,0
1042764271552212992,4,1,0.0018024388095811664,0.0,0
523873119,1,1,5.36825576935983E-4,0.0,0
15628202,1,1,5.059569652783618E-4,0.0,0
483402670,1,1,5.13169595431289E-4,0.0,0
92721492,1,1,5.067718691801723E-4,0.0,0
379194159,1,1,5.067718691801723E-4,0.0,0
51782243,1,1,5.067718691801723E-4,0.0,0
3131125000,1,1,5.067718691801723E-4,0.0,0
60498418,1,1,5.067718691801723E-4,0.0,0
1126525622438846465,1,1,5.067718691801723E-4,0.0,0
1105576341624246272,1,1,5.067718691801723E-4,0.0,0
2197038126,1,1,5.067718691801723E-4,0.0,0
1049964420,1,1,5.067718691801723E-4,0.0,0
823965361045389312,1,1,5.067718691801723E-4,0.0,0
1080460907652759552,1,1,5.067718691801723E-4,0.0,0
604978737,1,1,5.067718691801723E-4,0.0,0
1151414672936988672,1,1,5.067718691801723E-4,0.0,0
1096332270414241792,1,1,5.067718691801723E-4,0.0,0
981922350294806528,1,1,5.067718691801723E-4,0.0,0
177999503,1,1,5.067718691801723E-4,0.0,0
47883217,1,1,5.067718691801723E-4,0.0,0
137766072,1,1,5.067718691801723E-4,0.0,0
2558597661,1,1,5.067718691801723E-4,0.0,0
704000563709550592,1,1,5.067718691801723E-4,0.0,0
15286685,1,1,5.067718691801723E-4,0.0,0
2217860979,1,1,5.067718691801723E-4,0.0,0
764475416396566528,1,1,5.067718691801723E-4,0.0,0
1182260028444688385,1,1,5.067718691801723E-4,0.0,0
50932653,1,1,5.067718691801723E-4,0.0,0
1136435476292886528,1,1,5.067718691801723E-4,0.0,0
1696858201,1,1,5.067718691801723E-4,0.0,0
952461245457752065,1,1,5.067718691801723E-4,0.0,0
1917474458,1,1,5.067718691801723E-4,0.0,0
813105787711078400,1,1,5.067718691801723E-4,0.0,0
1218434261361012736,1,1,5.067718691801723E-4,0.0,0
9308852,1,1,5.067718691801723E-4,0.0,0
4382692752,1,1,5.067718691801723E-4,0.0,0
338931322,1,1,5.067718691801723E-4,0.0,0
839441938881339392,1,1,5.067718691801723E-4,0.0,0
1090584733464100864,1,1,5.067718691801723E-4,0.0,0
164511669,1,1,5.067718691801723E-4,0.0,0
892863437071556608,1,1,5.020471451443844E-4,0.0,0
1048413436772794368,1,1,5.13169595431289E-4,0.0,0
386147209,1,1,5.059569652783618E-4,0.0,0
983139952954363904,1,1,4.939919319715994E-4,0.0,0
1107600182705876992,1,1,5.938792602140142E-4,0.0,0
1165524430409236481,1,1,4.939919319715994E-4,0.0,0
2904275869,1,1,4.939919319715994E-4,0.0,0
991163993355059200,1,1,4.939919319715994E-4,0.0,0
1064553602251927553,1,1,5.655215284024444E-4,0.0,0
232559703,1,1,4.939919319715994E-4,0.0,0
2494475592,2,2,8.725753263337351E-4,0.0,0
823798354375118848,2,2,8.581527686897086E-4,0.0,0
809974521746911232,1,1,4.939919319715994E-4,0.0,0
159709214,1,1,5.059569652783618E-4,0.0,0
1206353655223537664,1,1,5.144802222014186E-4,0.0,0
1151494604472012801,1,1,5.059569652783618E-4,0.0,0
184776110,1,1,5.059569652783618E-4,0.0,0
2154160337,1,1,4.939919319715994E-4,0.0,0
4278286775,1,1,4.939919319715994E-4,0.0,0
598518380,1,1,5.020471451443844E-4,0.0,0
1042263277835677701,1,1,5.020471451443844E-4,0.0,0
4170889399,1,1,5.020471451443844E-4,0.0,0
1115229709170814976,1,1,5.020471451443844E-4,0.0,0
4615453154,1,1,5.020471451443844E-4,0.0,0
816292138443018240,1,1,5.020471451443844E-4,0.0,0
1000982257669033984,1,1,5.020471451443844E-4,0.0,0
718847043574194176,1,1,5.020471451443844E-4,0.0,0
1192594138908315648,1,1,5.020471451443844E-4,0.0,0
1172475064870027264,1,1,5.020471451443844E-4,0.0,0
272179654,2,2,8.526316103529422E-4,0.0,0
1106386773435920384,1,1,5.020471451443844E-4,0.0,0
1558455943,1,1,5.020471451443844E-4,0.0,0
1108058115264733185,1,1,5.020471451443844E-4,0.0,0
894001007755014144,1,1,5.020471451443844E-4,0.0,0
2948783698,2,1,8.85457041292391E-4,0.0,0
988535662973411328,2,2,8.526316103529422E-4,0.0,0
838891357,1,1,5.020471451443844E-4,0.0,0
3018190138,2,2,8.526316103529422E-4,0.0,0
2833513650,1,1,5.020471451443844E-4,0.0,0
29826374,1,1,5.020471451443844E-4,0.0,0
975733530557689856,1,1,5.163034504255394E-4,0.0,0
18128814,1,1,4.939919319715994E-4,0.0,0
1181890133420724224,1,1,5.13169595431289E-4,0.0,0
109330040,2,1,9.482926050266958E-4,0.0,0
127783477,1,1,5.46439790138742E-4,0.0,0
76014922,1,1,5.196119700888711E-4,0.0,0
102574767,1,1,5.011327453786419E-4,0.0,0
61349405,1,1,4.939919319715994E-4,0.0,0
3117104481,1,1,4.939919319715994E-4,0.0,0
915336849756848128,1,1,4.939919319715994E-4,0.0,0
937360179925884928,1,1,4.939919319715994E-4,0.0,0
1056267517662904321,1,1,4.939919319715994E-4,0.0,0
2597205728,1,1,4.939919319715994E-4,0.0,0
965294487554740225,1,1,4.939919319715994E-4,0.0,0
3370552713,1,1,4.939919319715994E-4,0.0,0
1704418920,1,1,4.939919319715994E-4,0.0,0
523829800,1,1,4.939919319715994E-4,0.0,0
1099055504859582464,1,1,4.939919319715994E-4,0.0,0
892167582626717696,1,1,4.939919319715994E-4,0.0,0
1373510713,1,1,4.939919319715994E-4,0.0,0
1005380774235918336,1,1,4.939919319715994E-4,0.0,0
1188209181607813121,1,1,4.939919319715994E-4,0.0,0
1037676029085536256,1,1,4.939919319715994E-4,0.0,0
1025542878406135808,1,1,4.939919319715994E-4,0.0,0
764854399927783424,1,1,4.939919319715994E-4,0.0,0
27103714,1,1,4.939919319715994E-4,0.0,0
1108671376582496257,1,1,4.939919319715994E-4,0.0,0
1109532876310302721,1,1,4.939919319715994E-4,0.0,0
1217392986008571906,1,1,4.939919319715994E-4,0.0,0
337788332,1,1,4.939919319715994E-4,0.0,0
475999810,1,1,4.939919319715994E-4,0.0,0
882750416282296320,1,1,4.939919319715994E-4,0.0,0
2437322888,1,1,4.939919319715994E-4,0.0,0
1040340594013364227,1,1,4.939919319715994E-4,0.0,0
27066780,1,1,4.939919319715994E-4,0.0,0
403849433,1,1,4.939919319715994E-4,0.0,0
2998631305,1,1,4.939919319715994E-4,0.0,0
1054854856077426689,1,1,4.939919319715994E-4,0.0,0
350402091,2,2,8.637540606398468E-4,0.0,0
1076128917436678144,1,1,4.939919319715994E-4,0.0,0
946429143767543808,1,1,4.939919319715994E-4,0.0,0
75392146,1,1,4.939919319715994E-4,0.0,0
23659863,1,1,4.939919319715994E-4,0.0,0
1018322206781313024,1,1,4.939919319715994E-4,0.0,0
732330552,1,1,4.939919319715994E-4,0.0,0
932459631560900608,1,1,4.939919319715994E-4,0.0,0
930104751622156288,1,1,4.939919319715994E-4,0.0,0
344707440,1,1,4.939919319715994E-4,0.0,0
4765885723,1,1,4.939919319715994E-4,0.0,0
2214721733,1,1,4.939919319715994E-4,0.0,0
817167869993779204,1,1,4.939919319715994E-4,0.0,0
779803793277919232,2,2,8.491358242780898E-4,0.0,0
948986308193550336,1,1,4.939919319715994E-4,0.0,0
922601081535893505,1,1,4.939919319715994E-4,0.0,0
1218197333164380160,1,1,4.939919319715994E-4,0.0,0
49180329,1,1,4.939919319715994E-4,0.0,0
107663008,1,1,4.939919319715994E-4,0.0,0
931358828,1,1,4.939919319715994E-4,0.0,0
1022108400828772353,1,1,4.939919319715994E-4,0.0,0
784566226999767040,1,1,4.939919319715994E-4,0.0,0
991234425785671680,1,1,4.939919319715994E-4,0.0,0
22967520,1,1,4.939919319715994E-4,0.0,0
811979067763236865,1,1,4.939919319715994E-4,0.0,0
586700442,1,1,4.939919319715994E-4,0.0,0
107192435,1,1,4.939919319715994E-4,0.0,0
1207090704247402496,1,1,4.939919319715994E-4,0.0,0
976632236,1,1,4.939919319715994E-4,0.0,0
15142117,1,1,4.939919319715994E-4,0.0,0
269492462,1,1,4.939919319715994E-4,0.0,0
1031053163481026561,1,1,4.939919319715994E-4,0.0,0
1162741950212034572,1,1,4.939919319715994E-4,0.0,0
1027039514550665216,1,1,4.939919319715994E-4,0.0,0
1510415245,1,1,4.939919319715994E-4,0.0,0
1009956280830750720,1,1,4.939919319715994E-4,0.0,0
268233258,1,1,4.939919319715994E-4,0.0,0
98974716,1,1,4.939919319715994E-4,0.0,0
742187201333727233,1,1,4.939919319715994E-4,0.0,0
283461775,1,1,4.939919319715994E-4,0.0,0
33399399,1,1,4.939919319715994E-4,0.0,0
848766606272471040,1,1,4.939919319715994E-4,0.0,0
1147178361745264640,1,1,4.939919319715994E-4,0.0,0
1204785299659866114,1,1,4.939919319715994E-4,0.0,0
1167432392782430209,1,1,4.939919319715994E-4,0.0,0
1091524270881046528,1,1,4.939919319715994E-4,0.0,0
1222292220126093314,1,1,4.939919319715994E-4,0.0,0
3848291241,1,1,4.939919319715994E-4,0.0,0
844035432568434689,1,1,4.939919319715994E-4,0.0,0
556551072,1,1,4.939919319715994E-4,0.0,0
724752040057028608,1,1,4.939919319715994E-4,0.0,0
228736760,1,1,4.939919319715994E-4,0.0,0
910586279871614977,1,1,4.939919319715994E-4,0.0,0
3035205392,1,1,4.939919319715994E-4,0.0,0
438864508,1,1,4.939919319715994E-4,0.0,0
1022567660972924928,1,1,4.939919319715994E-4,0.0,0
241103080,1,1,4.939919319715994E-4,0.0,0
609621477,1,1,4.939919319715994E-4,0.0,0
1086183121572323330,1,1,4.939919319715994E-4,0.0,0
1189528868454981633,1,1,4.939919319715994E-4,0.0,0
700046125,1,1,4.939919319715994E-4,0.0,0
818058121,1,1,4.939919319715994E-4,0.0,0
1126195812768395264,1,1,4.939919319715994E-4,0.0,0
1083848513115566080,1,1,4.939919319715994E-4,0.0,0
1206133560131780609,1,1,4.939919319715994E-4,0.0,0
1022092161762951170,1,1,4.939919319715994E-4,0.0,0
1125999388315152384,1,1,4.939919319715994E-4,0.0,0
818178361965105152,1,1,4.939919319715994E-4,0.0,0
727503477966950401,1,1,4.939919319715994E-4,0.0,0
16200369,1,1,4.939919319715994E-4,0.0,0
1038746606047121410,1,1,4.939919319715994E-4,0.0,0
905416026761953280,1,1,4.939919319715994E-4,0.0,0
1453042032,1,1,4.939919319715994E-4,0.0,0
1054435044612337664,1,1,4.939919319715994E-4,0.0,0
2707728270,1,1,4.939919319715994E-4,0.0,0
1182842029526540288,1,1,4.939919319715994E-4,0.0,0
2471027772,1,1,4.939919319715994E-4,0.0,0
3161702264,1,1,4.939919319715994E-4,0.0,0
1196115751414980608,1,1,4.939919319715994E-4,0.0,0
1579439978,1,1,4.939919319715994E-4,0.0,0
1074970286825619456,1,1,4.939919319715994E-4,0.0,0
872273214,1,1,4.939919319715994E-4,0.0,0
21471777,1,1,4.939919319715994E-4,0.0,0
4205197872,1,1,4.939919319715994E-4,0.0,0
997723772592377856,1,1,4.939919319715994E-4,0.0,0
990709514721775618,1,1,4.939919319715994E-4,0.0,0
1175651759739547648,1,1,4.939919319715994E-4,0.0,0
1144044481529995265,1,1,4.939919319715994E-4,0.0,0
991798729026998274,1,1,4.939919319715994E-4,0.0,0
1160993627285393409,1,1,4.939919319715994E-4,0.0,0
3900871457,1,1,4.939919319715994E-4,0.0,0
564648532,1,1,4.939919319715994E-4,0.0,0
839529596353720324,1,1,4.939919319715994E-4,0.0,0
1097276701770301440,1,1,4.939919319715994E-4,0.0,0
1180550665770356741,1,1,4.939919319715994E-4,0.0,0
1418917634,1,1,4.939919319715994E-4,0.0,0
537784943,1,1,4.939919319715994E-4,0.0,0
1151453314875310081,1,1,4.939919319715994E-4,0.0,0
190917647,1,1,4.939919319715994E-4,0.0,0
318993150,1,1,4.939919319715994E-4,0.0,0
1220901026942857216,1,1,4.939919319715994E-4,0.0,0
3384961552,1,1,4.939919319715994E-4,0.0,0
1038088005695819776,1,1,4.939919319715994E-4,0.0,0
232576728,1,1,4.939919319715994E-4,0.0,0
1137957898741403648,2,2,8.491358242780898E-4,0.0,0
1012029582508257280,1,1,4.939919319715994E-4,0.0,0
869111256,1,1,4.939919319715994E-4,0.0,0
966284916915761153,1,1,4.939919319715994E-4,0.0,0
3241822958,1,1,4.939919319715994E-4,0.0,0
2966637892,1,1,4.939919319715994E-4,0.0,0
1905253668,1,1,4.939919319715994E-4,0.0,0
588428892,1,1,4.939919319715994E-4,0.0,0
19380916,1,1,4.939919319715994E-4,0.0,0
1199711973157543937,1,1,4.939919319715994E-4,0.0,0
4445191097,1,1,4.939919319715994E-4,0.0,0
1096765239595397120,1,1,4.939919319715994E-4,0.0,0
2828159229,1,1,4.939919319715994E-4,0.0,0
3546078792,1,1,4.939919319715994E-4,0.0,0
1215499117,1,1,4.939919319715994E-4,0.0,0
1218562510669975554,1,1,4.939919319715994E-4,0.0,0
898654188015636480,1,1,5.059569652783618E-4,0.0,0
2527738740,1,1,5.059569652783618E-4,0.0,0
763044924526825476,1,1,5.268173629110483E-4,0.0,0
928277645711822852,1,1,5.389056803079077E-4,0.0,0
1159073503267758080,1,1,4.938932778769428E-4,0.0,0
83973107,1,1,5.163034504255394E-4,0.0,0
735938138183458816,1,1,5.059569652783618E-4,0.0,0
23302053,1,1,4.933632055490986E-4,0.0,0
3300240578,1,1,5.144802222014186E-4,0.0,0
556224566,1,1,5.059569652783618E-4,0.0,0
791448014816677888,1,1,5.13169595431289E-4,0.0,0
3532525212,1,1,5.176881399702058E-4,0.0,0
57247312,1,1,5.176881399702058E-4,0.0,0
1189761933802520576,1,1,4.904839745507407E-4,0.0,0
810653855809699844,1,1,5.13169595431289E-4,0.0,0
1125664963148820480,1,1,5.13169595431289E-4,0.0,0
17793117,1,1,5.13169595431289E-4,0.0,0
927209036029878272,1,1,4.933632055490986E-4,0.0,0
1156685085841788930,1,1,5.059569652783618E-4,0.0,0
1169611415163998208,1,1,4.938932778769428E-4,0.0,0
832440069004918784,2,2,8.321177126002348E-4,0.0,0
2784268634,3,2,0.0012074298179515662,0.0,0
2442023709,1,1,5.059569652783618E-4,0.0,0
2535751839,1,1,5.36825576935983E-4,0.0,0
3376083604,1,1,5.059569652783618E-4,0.0,0
715351199,1,1,5.176881399702058E-4,0.0,0
1119630283328884736,1,1,5.176881399702058E-4,0.0,0
775778666022252544,1,1,5.176881399702058E-4,0.0,0
2279206926,1,1,5.176881399702058E-4,0.0,0
1713876973,1,1,4.933632055490986E-4,0.0,0
1147031143633395713,1,1,5.059569652783618E-4,0.0,0
3368409639,1,1,5.059569652783618E-4,0.0,0
2864018553,1,1,4.938932778769428E-4,0.0,0
3139370190,1,1,5.144802222014186E-4,0.0,0
1193253792025694209,2,2,8.474195069219508E-4,0.0,0
69163320,2,2,8.54039693368378E-4,0.0,0
926586493644128256,1,1,4.98551359069532E-4,0.0,0
1188256001876561921,1,1,5.059569652783618E-4,0.0,0
410501724,1,1,5.059569652783618E-4,0.0,0
631484053,1,1,5.059569652783618E-4,0.0,0
541198983,1,1,4.941095022473023E-4,0.0,0
184341387,1,1,5.163034504255394E-4,0.0,0
847625385399287808,1,1,5.163034504255394E-4,0.0,0
312091893,1,1,5.163034504255394E-4,0.0,0
986095928716046336,1,1,5.163034504255394E-4,0.0,0
145167260,1,1,5.163034504255394E-4,0.0,0
234694335,1,1,5.059569652783618E-4,0.0,0
868549795,1,1,4.938932778769428E-4,0.0,0
1145631872833208320,1,1,5.13169595431289E-4,0.0,0
150397339,1,1,5.059569652783618E-4,0.0,0
307460630,1,1,5.13169595431289E-4,0.0,0
2719515935,1,1,5.13169595431289E-4,0.0,0
1039936018366058499,1,1,5.13169595431289E-4,0.0,0
324985853,1,1,5.13169595431289E-4,0.0,0
949040731766829056,1,1,5.13169595431289E-4,0.0,0
870466436875137026,1,1,5.13169595431289E-4,0.0,0
1298636822,1,1,5.13169595431289E-4,0.0,0
833400816866201600,1,1,5.13169595431289E-4,0.0,0
383583763,1,1,5.13169595431289E-4,0.0,0
2332743042,1,1,5.13169595431289E-4,0.0,0
251668274,1,1,5.13169595431289E-4,0.0,0
103262306,1,1,5.059569652783618E-4,0.0,0
1143330770771009537,1,1,5.059569652783618E-4,0.0,0
1050937658,1,1,4.933632055490986E-4,0.0,0
1455214891,1,1,5.401217784435625E-4,0.0,0
783036643754188801,2,1,9.577984817048835E-4,0.0,0
839660378904723456,3,2,0.0012136536002892153,0.0,0
1152247009652461571,1,1,5.059569652783618E-4,0.0,0
1160151458463064064,1,1,5.36825576935983E-4,0.0,0
3090019191,1,1,5.36825576935983E-4,0.0,0
1026418206,1,1,5.36825576935983E-4,0.0,0
2232463302,1,1,5.36825576935983E-4,0.0,0
2161036068,1,1,4.938932778769428E-4,0.0,0
1211393073957064704,1,1,4.84485740718522E-4,0.0,0
137552604,1,1,5.144802222014186E-4,0.0,0
776842337678872578,1,1,5.144802222014186E-4,0.0,0
72853190,1,1,4.98551359069532E-4,0.0,0
1220046800498937859,1,1,5.12095051325719E-4,0.0,0
546882647,1,1,4.938932778769428E-4,0.0,0
2765748430,1,1,4.938932778769428E-4,0.0,0
3525913096,1,1,4.938932778769428E-4,0.0,0
2460179640,1,1,5.144802222014186E-4,0.0,0
1078386004040519681,1,1,4.933632055490986E-4,0.0,0
1216259319852752896,1,1,5.144802222014186E-4,0.0,0
378521002,1,1,5.389056803079077E-4,0.0,0
18092622,1,1,4.98551359069532E-4,0.0,0
1040071350512050176,1,1,5.499641517087593E-4,0.0,0
1161389140581265408,1,1,5.059569652783618E-4,0.0,0
2836578927,1,1,5.059569652783618E-4,0.0,0
1104759620495704064,1,1,5.144802222014186E-4,0.0,0
1185663870016184320,1,1,5.12095051325719E-4,0.0,0
1117833665596227585,1,1,5.12095051325719E-4,0.0,0
879410341742071809,1,1,5.059569652783618E-4,0.0,0
1110202813,1,1,5.268173629110483E-4,0.0,0
131211142,1,1,4.941095022473023E-4,0.0,0
793745203,1,1,5.144802222014186E-4,0.0,0
22214019,1,1,5.144802222014186E-4,0.0,0
939182810417520640,1,1,5.144802222014186E-4,0.0,0
789628995709104128,1,1,5.144802222014186E-4,0.0,0
825074418011471874,1,1,5.144802222014186E-4,0.0,0
844242728091357184,1,1,5.144802222014186E-4,0.0,0
927647719782539265,1,1,5.144802222014186E-4,0.0,0
20681749,1,1,5.401217784435625E-4,0.0,0
1500024132,1,1,5.401217784435625E-4,0.0,0
3247605095,1,1,5.059569652783618E-4,0.0,0
873958287527612416,1,1,5.059569652783618E-4,0.0,0
472504319,1,1,5.059569652783618E-4,0.0,0
1209412100445134849,1,1,5.059569652783618E-4,0.0,0
1222516456014872578,1,1,5.059569652783618E-4,0.0,0
1205620178945372160,1,1,4.98551359069532E-4,0.0,0
1042205826956632065,1,1,4.98551359069532E-4,0.0,0
1085409898328928256,1,1,4.98551359069532E-4,0.0,0
2183306017,1,1,4.98551359069532E-4,0.0,0
1208096953747292162,1,1,5.059569652783618E-4,0.0,0
1220702171399892992,1,1,5.059569652783618E-4,0.0,0
2539933507,1,1,5.059569652783618E-4,0.0,0
281260988,1,1,5.450491998427354E-4,0.0,0
1205609718825263104,1,1,5.059569652783618E-4,0.0,0
148407656,1,1,5.059569652783618E-4,0.0,0
94484529,1,1,5.059569652783618E-4,0.0,0
877286782836101120,1,1,5.059569652783618E-4,0.0,0
106608382,1,1,5.059569652783618E-4,0.0,0
1220460328976187392,1,1,5.059569652783618E-4,0.0,0
2960418172,1,1,5.059569652783618E-4,0.0,0
2938947129,1,1,5.059569652783618E-4,0.0,0
946674980,1,1,5.059569652783618E-4,0.0,0
1022666976,1,1,5.059569652783618E-4,0.0,0
1036573297041915904,1,1,5.059569652783618E-4,0.0,0
2733212308,1,1,5.059569652783618E-4,0.0,0
2962271415,1,1,5.059569652783618E-4,0.0,0
49138357,1,1,5.059569652783618E-4,0.0,0
1012027927037440000,1,1,5.059569652783618E-4,0.0,0
310878976,1,1,5.059569652783618E-4,0.0,0
592730371,79,1,0.22190440457453492,0.0,1
1077924007792406529,1,1,0.003295751831374364,0.0,1
1187863652306735105,1,1,0.003295751831374364,0.0,1
1190523561363959808,1,1,0.003295751831374364,0.0,1
97301846,1,1,0.003295751831374364,0.0,1
5988062,85,1,0.23861928732221047,0.0,1
397954928,1,1,0.003294364756867939,0.0,1
1019396264,1,1,0.003294364756867939,0.0,1
95649329,1,1,0.003294364756867939,0.0,1
4521330855,1,1,0.003294364756867939,0.0,1
393650551,1,1,0.003294364756867939,0.0,1
125972550,1,1,0.003294364756867939,0.0,1
850038284294266881,1,1,0.003294364756867939,0.0,1
1603150567,1,1,0.003294364756867939,0.0,1
90133405,1,1,0.003294364756867939,0.0,1
1206435879767695360,1,1,0.003294364756867939,0.0,1
840272684,1,1,0.003294364756867939,0.0,1
1144514950607413249,1,1,0.003294364756867939,0.0,1
294043056,1,1,0.003294364756867939,0.0,1
3195776480,1,1,0.003294364756867939,0.0,1
250103509,1,1,0.003294364756867939,0.0,1
1670200644,1,1,0.003294364756867939,0.0,1
1163679354238296064,1,1,0.003294364756867939,0.0,1
1181126306928349184,1,1,0.003294364756867939,0.0,1
1184536535690956800,1,1,0.003294364756867939,0.0,1
1046074586,1,1,0.003294364756867939,0.0,1
385840654,1,1,0.003294364756867939,0.0,1
810136100912201728,1,1,0.003294364756867939,0.0,1
1110926672809721857,1,1,0.003294364756867939,0.0,1
2754213384,1,1,0.003294364756867939,0.0,1
840029179257196544,1,1,0.003294364756867939,0.0,1
34557093,1,1,0.003294364756867939,0.0,1
1165665046896070656,1,1,0.003294364756867939,0.0,1
908998823258685440,1,1,0.003294364756867939,0.0,1
4149004933,1,1,0.003294364756867939,0.0,1
185980279,1,1,0.003294364756867939,0.0,1
1186414603418460161,1,1,0.003294364756867939,0.0,1
1178914667919339520,1,1,0.003294364756867939,0.0,1
363199891,1,1,0.003294364756867939,0.0,1
430062449,1,1,0.003294364756867939,0.0,1
15842810,1,1,0.003294364756867939,0.0,1
1205137992462954497,1,1,0.003294364756867939,0.0,1
1061895715985731584,1,1,0.003294364756867939,0.0,1
197500327,1,1,0.003294364756867939,0.0,1
1006404738445742080,2,1,0.00568102567915139,0.0,1
992557799577079810,1,1,0.003294364756867939,0.0,1
1039577556,1,1,0.003294364756867939,0.0,1
1130572639104393217,1,1,0.003294364756867939,0.0,1
1210028746889191425,1,1,0.003294364756867939,0.0,1
395045176,1,1,0.003294364756867939,0.0,1
1001650307523231746,1,1,0.003294364756867939,0.0,1
1164786873429970944,1,1,0.003294364756867939,0.0,1
2234897549,1,1,0.003294364756867939,0.0,1
311779860,1,1,0.003294364756867939,0.0,1
1652416692,1,1,0.003294364756867939,0.0,1
1193707439247347712,1,1,0.003294364756867939,0.0,1
2595185580,1,1,0.003294364756867939,0.0,1
1173591245311995904,1,1,0.003294364756867939,0.0,1
1184870155995631617,1,1,0.003294364756867939,0.0,1
998225874234290176,1,1,0.003294364756867939,0.0,1
1126406893709037568,1,1,0.003294364756867939,0.0,1
891527427360309248,1,1,0.003294364756867939,0.0,1
839219383,1,1,0.003294364756867939,0.0,1
770323805302554624,1,1,0.003294364756867939,0.0,1
1165271203554086912,1,1,0.003294364756867939,0.0,1
1162155834752688129,1,1,0.003294364756867939,0.0,1
3225098708,1,1,0.003294364756867939,0.0,1
117431896,1,1,0.003294364756867939,0.0,1
1182303829049499649,1,1,0.003294364756867939,0.0,1
1166655513515347968,1,1,0.003294364756867939,0.0,1
261864009,1,1,0.003294364756867939,0.0,1
850611961645510658,1,1,0.003294364756867939,0.0,1
202709401,1,1,0.003294364756867939,0.0,1
500660761,1,1,0.003294364756867939,0.0,1
1166404686817030144,1,1,0.003294364756867939,0.0,1
1969927374,1,1,0.003294364756867939,0.0,1
144212189,1,1,0.003294364756867939,0.0,1
2939888430,1,1,0.003294364756867939,0.0,1
1002328977376022528,1,1,0.003294364756867939,0.0,1
1162010420745342976,1,1,0.003294364756867939,0.0,1
46613501,1,1,0.003294364756867939,0.0,1
19390822,1,1,0.003294364756867939,0.0,1
2616114769,1,1,0.003294364756867939,0.0,1
1167371685785325569,1,1,0.003294364756867939,0.0,1
57700627,1,1,0.003294364756867939,0.0,1
1178213880561975296,1,1,0.003294364756867939,0.0,1
1528058713,1,1,0.003294364756867939,0.0,1
3313760755,1,1,0.003294364756867939,0.0,1
810726116780556289,1,1,0.003294364756867939,0.0,1
1176528834679590912,1,1,0.003294364756867939,0.0,1
2808430817,1,1,0.003294364756867939,0.0,1
1057586137076826113,1,1,0.003295751831374364,0.0,1
253637278,1,1,0.003295751831374364,0.0,1
808014258,1,1,0.003295751831374364,0.0,1
66205037,1,1,0.003295751831374364,0.0,1
1335087630,1,1,0.003295751831374364,0.0,1
883634756,1,1,0.003295751831374364,0.0,1
2504981221,1,1,0.003295751831374364,0.0,1
908064396,1,1,0.003295751831374364,0.0,1
14489933,1,1,0.003295751831374364,0.0,1
19432346,1,1,0.003295751831374364,0.0,1
3286922574,1,1,0.003295751831374364,0.0,1
4700477725,1,1,0.003295751831374364,0.0,1
28031362,1,1,0.003295751831374364,0.0,1
876847817322622977,1,1,0.003295751831374364,0.0,1
584818633,1,1,0.003295751831374364,0.0,1
2669604139,1,1,0.003295751831374364,0.0,1
3155591943,1,1,0.003295751831374364,0.0,1
14568965,1,1,0.003295751831374364,0.0,1
78328789,1,1,0.003295751831374364,0.0,1
304088375,1,1,0.003295751831374364,0.0,1
121767299,1,1,0.003295751831374364,0.0,1
1210342420786896901,1,1,0.003295751831374364,0.0,1
1495747434,1,1,0.003295751831374364,0.0,1
3436173213,1,1,0.003295751831374364,0.0,1
89343637,1,1,0.003295751831374364,0.0,1
198125236,1,1,0.003295751831374364,0.0,1
864927037,1,1,0.003295751831374364,0.0,1
2590606506,1,1,0.003295751831374364,0.0,1
338773372,1,1,0.003295751831374364,0.0,1
742787815679856644,1,1,0.003295751831374364,0.0,1
77316818,1,1,0.003295751831374364,0.0,1
131556377,1,1,0.003295751831374364,0.0,1
2798432052,1,1,0.003295751831374364,0.0,1
3277884470,1,1,0.003295751831374364,0.0,1
838482884398891008,1,1,0.003295751831374364,0.0,1
1204160887210336256,1,1,0.003295751831374364,0.0,1
786773996360589312,1,1,0.003295751831374364,0.0,1
631332558,1,1,0.003295751831374364,0.0,1
825063774100955136,1,1,0.003295751831374364,0.0,1
33191848,1,1,0.003295751831374364,0.0,1
308789827,1,1,0.003295751831374364,0.0,1
809775760219090945,1,1,0.003295751831374364,0.0,1
775698768788348929,1,1,0.003295751831374364,0.0,1
2458410882,1,1,0.003295751831374364,0.0,1
326237223,1,1,0.003295751831374364,0.0,1
823434812572762112,1,1,0.003295751831374364,0.0,1
795684308656631808,1,1,0.003295751831374364,0.0,1
869209216883367936,1,1,0.003295751831374364,0.0,1
459933776,1,1,0.003295751831374364,0.0,1
740995314266558464,1,1,0.003295751831374364,0.0,1
1205688866373591043,1,1,0.003295751831374364,0.0,1
14825402,1,1,0.003295751831374364,0.0,1
1151812664961720320,1,1,0.003295751831374364,0.0,1
1202234374084677634,1,1,0.003295751831374364,0.0,1
767651972,1,1,0.003295751831374364,0.0,1
3388096749,1,1,0.003295751831374364,0.0,1
2626859745,1,1,0.003295751831374364,0.0,1
427530846,1,1,0.003295751831374364,0.0,1
1169259518980550656,1,1,0.003295751831374364,0.0,1
163626482,1,1,0.003295751831374364,0.0,1
21000275,1,1,0.003295751831374364,0.0,1
708556971784474624,1,1,0.003295751831374364,0.0,1
3835451007,1,1,0.003295751831374364,0.0,1
4339881197,1,1,0.003295751831374364,0.0,1
186467957,1,1,0.003295751831374364,0.0,1
3266230939,1,1,0.003295751831374364,0.0,1
531598198,1,1,0.003295751831374364,0.0,1
147248694,1,1,0.003295751831374364,0.0,1
14533791,1,1,0.003295751831374364,0.0,1
788413959347048448,1,1,0.003295751831374364,0.0,1
1447529352,1,1,0.003295751831374364,0.0,1
98769374,1,1,0.003295751831374364,0.0,1
2903192644,1,1,0.003295751831374364,0.0,1
359274856,1,1,0.003295751831374364,0.0,1
953078630,42,1,0.1396230773479242,0.0,2
803684436332126208,1,1,0.003918090990518238,0.0,2
4374719908,74,1,0.24330281540744225,0.02758751902587519,2
1092292573035708423,1,1,0.0038855424346827187,0.0,2
203815855,1,1,0.0038855424346827187,0.0,2
866643984009093122,1,1,0.003918090990518238,0.0,2
3689059701,1,1,0.003918090990518238,0.0,2
60642052,8,1,0.027619873970855705,0.0,2
21842127,1,1,0.004026436167672218,0.0,2
32792712,5,1,0.018392735601029227,0.0,2
242768112,1,1,0.004218873809788934,0.0,2
712150024797425664,1,1,0.004218873809788934,0.0,2
2745376029,1,1,0.004218873809788934,0.0,2
2693013240,2,1,0.007045995485556132,0.0,2
34533138,1,1,0.004218873809788934,0.0,2
729869871484260353,1,1,0.0038855424346827187,0.0,2
3232297010,1,1,0.003918090990518238,0.0,2
63384915,1,1,0.003918090990518238,0.0,2
141730029,1,1,0.0038855424346827187,0.0,2
37092528,1,1,0.004026436167672218,0.0,2
113992583,1,1,0.003918090990518238,0.0,2
1199897556249194496,1,1,0.003918090990518238,0.0,2
111545544,1,1,0.003918090990518238,0.0,2
976093981812633600,1,1,0.003918090990518238,0.0,2
875626831856009218,1,1,0.003918090990518238,0.0,2
221008908,1,1,0.003918090990518238,0.0,2
2532355403,1,1,0.003918090990518238,0.0,2
19060353,1,1,0.003918090990518238,0.0,2
1199762422195601408,1,1,0.003918090990518238,0.0,2
1214526682692014080,1,1,0.003918090990518238,0.0,2
7372022,3,1,0.0092680479958183,0.0,2
366710055,1,1,0.003918090990518238,0.0,2
2313487754,1,1,0.003918090990518238,0.0,2
1103706905518714881,1,1,0.003918090990518238,0.0,2
1311298608,1,1,0.003918090990518238,0.0,2
31691220,1,1,0.003918090990518238,0.0,2
1102118087460089857,1,1,0.003918090990518238,0.0,2
3237084420,1,1,0.003918090990518238,0.0,2
1213098570556964864,1,1,0.003918090990518238,0.0,2
1177936044924256256,1,1,0.003918090990518238,0.0,2
1103547704096051205,1,1,0.003918090990518238,0.0,2
610323,1,1,0.003918090990518238,0.0,2
947432834511208448,1,1,0.003918090990518238,0.0,2
260996730,1,1,0.003918090990518238,0.0,2
1220443534068613121,1,1,0.003918090990518238,0.0,2
886205796400463872,1,1,0.003918090990518238,0.0,2
968160666468212737,1,1,0.003918090990518238,0.0,2
756903353473458176,1,1,0.003918090990518238,0.0,2
50141692,1,1,0.003918090990518238,0.0,2
1115146131434950656,1,1,0.003918090990518238,0.0,2
753685005012836352,1,1,0.003918090990518238,0.0,2
1089102684592861184,1,1,0.003918090990518238,0.0,2
1159151495822135296,1,1,0.003918090990518238,0.0,2
63674356,1,1,0.003918090990518238,0.0,2
1625816070,1,1,0.003918090990518238,0.0,2
170438644,1,1,0.003918090990518238,0.0,2
3193289931,1,1,0.004026436167672218,0.0,2
202590356,1,1,0.0038855424346827187,0.0,2
35203319,6,2,0.01703661264133747,0.0,2
26130205,1,1,0.0038855424346827187,0.0,2
88562662,1,1,0.0038855424346827187,0.0,2
135922295,5,1,0.016857976232396134,0.5833333333333334,2
1216541381713248259,1,1,0.003955656608160044,0.0,2
871624223395020800,1,1,0.0038855424346827187,0.0,2
5654932,4,2,0.011790645426715823,0.0,2
2269957598,2,2,0.006011828353044065,0.0,2
1133514959755784192,1,1,0.0035973382006651788,0.0,2
1191439896835178497,1,1,0.0038855424346827187,0.0,2
492890318,1,1,0.0038855424346827187,0.0,2
71277475,1,1,0.004026436167672218,0.0,2
55691011,1,1,0.0038855424346827187,0.0,2
19284888,2,1,0.007145095867814245,0.5,2
3981780557,3,1,0.01150518162299756,0.0,2
1091990725,1,1,0.004026436167672218,0.0,2
53026961,1,1,0.0038855424346827187,0.0,2
702242578754838530,1,1,0.0038855424346827187,0.0,2
2398006117,1,1,0.0038855424346827187,0.0,2
764867611687542784,1,1,0.0038855424346827187,0.0,2
817679968025055232,1,1,0.0038855424346827187,0.0,2
22376098,1,1,0.0038855424346827187,0.0,2
133723974,1,1,0.0038855424346827187,0.0,2
2857343638,1,1,0.0038855424346827187,0.0,2
1168564200869748737,1,1,0.0038855424346827187,0.0,2
401489459,1,1,0.0038855424346827187,0.0,2
862377972082380800,1,1,0.0038855424346827187,0.0,2
24039597,1,1,0.004026436167672218,0.0,2
547904132,1,1,0.0038855424346827187,0.0,2
3140360197,1,1,0.0038855424346827187,0.0,2
155539355,1,1,0.004350522747882566,0.0,2
1055814516083064833,1,1,0.0038855424346827187,0.0,2
3732897196,2,1,0.006750229728091722,1.0,2
3169916217,1,1,0.0038855424346827187,0.0,2
3382138047,2,2,0.006011828353044065,0.0,2
543254812,2,2,0.006011828353044065,0.0,2
156041132,1,1,0.0038855424346827187,0.0,2
834782263,1,1,0.0038855424346827187,0.0,2
836318685262381058,1,1,0.0038855424346827187,0.0,2
997512408708067328,1,1,0.0038855424346827187,0.0,2
986725832625442816,1,1,0.0035054594671299257,0.0,2
16707004,4,1,0.012751582009388761,0.08333333333333333,2
1306680870,1,1,0.0038855424346827187,0.0,2
827162733044912128,1,1,0.0038855424346827187,0.0,2
973594964734099456,1,1,0.0038855424346827187,0.0,2
4714148356,1,1,0.0038855424346827187,0.0,2
1136749502537191424,1,1,0.0038855424346827187,0.0,2
1067126993664266246,1,1,0.0038855424346827187,0.0,2
890844439442325504,1,1,0.004350522747882566,0.0,2
79466939,1,1,0.0038855424346827187,0.0,2
133684459,1,1,0.0038855424346827187,0.0,2
390009648,1,1,0.0038855424346827187,0.0,2
131012858,1,1,0.0038855424346827187,0.0,2
335348201,1,1,0.0037951951063401714,0.0,2
261085109,1,1,0.0038855424346827187,0.0,2
614204354,1,1,0.0038855424346827187,0.0,2
490204452,1,1,0.0038855424346827187,0.0,2
1202898808268439554,1,1,0.0038855424346827187,0.0,2
888577173254164480,1,1,0.0038855424346827187,0.0,2
19836967,1,1,0.004026436167672218,0.0,2
118958379,1,1,0.0038855424346827187,0.0,2
15787224,1,1,0.0038855424346827187,0.0,2
2210785286,1,1,0.0038855424346827187,0.0,2
561251648,1,1,0.0038855424346827187,0.0,2
54384777,1,1,0.0037951951063401714,0.0,2
340309529,1,1,0.0038855424346827187,0.0,2
107701048,1,1,0.0038855424346827187,0.0,2
380487157,1,1,0.0038855424346827187,0.0,2
467016100,1,1,0.0038855424346827187,0.0,2
1217836040251199488,1,1,0.0038855424346827187,0.0,2
1194683819334537217,1,1,0.0038855424346827187,0.0,2
958362707304091648,1,1,0.0038855424346827187,0.0,2
409997594,1,1,0.0038855424346827187,0.0,2
256487198,1,1,0.0038855424346827187,0.0,2
954910124639965185,1,1,0.0038855424346827187,0.0,2
3326899000,1,1,0.0038855424346827187,0.0,2
3371552926,1,1,0.0038855424346827187,0.0,2
14409920,1,1,0.0038855424346827187,0.0,2
338489470,1,1,0.0038855424346827187,0.0,2
1135888393127120897,1,1,0.0038855424346827187,0.0,2
4061868154,1,1,0.0038855424346827187,0.0,2
179281618,1,1,0.0038855424346827187,0.0,2
991960795712925696,1,1,0.0038855424346827187,0.0,2
838852020828323840,1,1,0.0038855424346827187,0.0,2
867717488477437952,1,1,0.0038855424346827187,0.0,2
60266497,1,1,0.003955656608160044,0.0,2
1316331686,27,1,0.462395664474538,0.0,3
925082403944718336,1,1,0.019911271686128176,0.0,3
1267564375,1,1,0.019911271686128176,0.0,3
891991,1,1,0.019911271686128176,0.0,3
1110218144193355776,1,1,0.019911271686128176,0.0,3
76007500,1,1,0.019911271686128176,0.0,3
1152351378682998784,1,1,0.019911271686128176,0.0,3
17379212,1,1,0.019911271686128176,0.0,3
242765117,1,1,0.019911271686128176,0.0,3
715427474889449472,1,1,0.019911271686128176,0.0,3
1329766236,1,1,0.019911271686128176,0.0,3
42628772,1,1,0.019911271686128176,0.0,3
846410393698238464,1,1,0.019911271686128176,0.0,3
1024230271820824576,1,1,0.019911271686128176,0.0,3
285706984,1,1,0.019911271686128176,0.0,3
493753728,1,1,0.019911271686128176,0.0,3
2931636908,1,1,0.019911271686128176,0.0,3
38996670,1,1,0.019911271686128176,0.0,3
829144748149530625,1,1,0.019911271686128176,0.0,3
66126175,1,1,0.019911271686128176,0.0,3
37477788,1,1,0.019911271686128176,0.0,3
31129087,1,1,0.019911271686128176,0.0,3
17243582,1,1,0.019911271686128176,0.0,3
907353796140990465,1,1,0.019911271686128176,0.0,3
14182657,1,1,0.019911271686128176,0.0,3
842624280,1,1,0.019911271686128176,0.0,3
1353587677,1,1,0.019911271686128176,0.0,3
42480254,1,1,0.019911271686128176,0.0,3
1071525334397407233,28,1,0.6240298908789439,0.0754985754985755,4
3297737882,1,1,0.026117916004819386,0.0,4
1177634739508977666,1,1,0.026117916004819386,0.0,4
824674335646482434,1,1,0.026117916004819386,0.0,4
314160773,1,1,0.026117916004819386,0.0,4
1220098677986992128,1,1,0.026117916004819386,0.0,4
2375157024,1,1,0.026117916004819386,0.0,4
430217710,1,1,0.026117916004819386,0.0,4
901386956529168384,1,1,0.026117916004819386,0.0,4
1680592561,1,1,0.026117916004819386,0.0,4
14638490,1,1,0.026117916004819386,0.0,4
1147975581260230656,1,1,0.026117916004819386,0.0,4
1015300727546228737,1,1,0.026117916004819386,0.0,4
3057525427,1,1,0.026117916004819386,0.0,4
1130507824101040128,1,1,0.026117916004819386,0.0,4
1133411503737069569,1,1,0.026117916004819386,0.0,4
811476716707344384,1,1,0.026117916004819386,0.0,4
1220113658010853383,1,1,0.026117916004819386,0.0,4
297907514,1,1,0.026117916004819386,0.0,4
519983462,1,1,0.026117916004819386,0.0,4
1578747504,1,1,0.026117916004819386,0.0,4
1187654334730948608,1,1,0.026117916004819386,0.0,4
534198980,1,1,0.026117916004819386,0.0,4
3872265453,1,1,0.026117916004819386,0.0,4
1078734528489742336,1,1,0.026117916004819386,0.0,4
945225613962567681,1,1,0.026117916004819386,0.0,4
550188513,1,1,0.026117916004819386,0.0,4
1168199000639463426,24,1,0.4627427814178503,0.0,5
740979489631547394,1,1,0.022385717440922926,0.0,5
1183612744861224960,1,1,0.022385717440922926,0.0,5
1142319566434947072,1,1,0.022385717440922926,0.0,5
1165085149375037440,1,1,0.022385717440922926,0.0,5
1162612316480757760,1,1,0.022385717440922926,0.0,5
1138444652556771334,1,1,0.022385717440922926,0.0,5
1162474053296242688,1,1,0.022385717440922926,0.0,5
185005530,1,1,0.022385717440922926,0.0,5
1169412719163822080,1,1,0.022385717440922926,0.0,5
49893483,1,1,0.022385717440922926,0.0,5
1169398236404043776,1,1,0.022385717440922926,0.0,5
1162789295322591233,1,1,0.022385717440922926,0.0,5
1169261601569951744,1,1,0.022385717440922926,0.0,5
1182980391491133442,1,1,0.022385717440922926,0.0,5
2446868293,1,1,0.022385717440922926,0.0,5
886825290,1,1,0.022385717440922926,0.0,5
1180467632958402560,1,1,0.022385717440922926,0.0,5
1196424504580247552,1,1,0.022385717440922926,0.0,5
3409283601,1,1,0.022385717440922926,0.0,5
881137693748477952,1,1,0.022385717440922926,0.0,5
1186297829058179072,1,1,0.022385717440922926,0.0,5
2823890036,1,1,0.022385717440922926,0.0,5
1216368724141203456,1,1,0.022385717440922926,0.0,5
1181416782919131136,1,1,0.022385717440922926,0.0,5
15862891,23,1,0.4628777713402482,0.0,6
1171516725969313792,1,1,0.023353140376510845,0.0,6
1909890530,1,1,0.023353140376510845,0.0,6
838922283485888513,1,1,0.023353140376510845,0.0,6
192012830,1,1,0.023353140376510845,0.0,6
3358966273,1,1,0.023353140376510845,0.0,6
861467829492633600,1,1,0.023353140376510845,0.0,6
516668595,1,1,0.023353140376510845,0.0,6
2510918743,1,1,0.023353140376510845,0.0,6
406446441,1,1,0.023353140376510845,0.0,6
3245467844,1,1,0.023353140376510845,0.0,6
2432298782,1,1,0.023353140376510845,0.0,6
718148032815038465,1,1,0.023353140376510845,0.0,6
20988856,1,1,0.023353140376510845,0.0,6
223782598,1,1,0.023353140376510845,0.0,6
1134558740580093958,1,1,0.023353140376510845,0.0,6
241529045,1,1,0.023353140376510845,0.0,6
26733047,1,1,0.023353140376510845,0.0,6
25400168,1,1,0.023353140376510845,0.0,6
842255987201445888,1,1,0.023353140376510845,0.0,6
805873007168208896,1,1,0.023353140376510845,0.0,6
1192776018756546562,1,1,0.023353140376510845,0.0,6
3311241707,1,1,0.023353140376510845,0.0,6
169592372,1,1,0.023353140376510845,0.0,6
1060633770531921921,13,1,0.46520703534762525,0.0,7
27562799,1,1,0.04113792035787503,0.0,7
1184631056693112832,1,1,0.04113792035787503,0.0,7
1215695747334623232,1,1,0.04113792035787503,0.0,7
1215368737416794112,1,1,0.04113792035787503,0.0,7
1069064749558706176,1,1,0.04113792035787503,0.0,7
1650682903,1,1,0.04113792035787503,0.0,7
4822337541,1,1,0.04113792035787503,0.0,7
731608385645318144,1,1,0.04113792035787503,0.0,7
1161014473001512960,1,1,0.04113792035787503,0.0,7
3236642367,1,1,0.04113792035787503,0.0,7
43838991,1,1,0.04113792035787503,0.0,7
4195481594,1,1,0.04113792035787503,0.0,7
911258819451248640,1,1,0.04113792035787503,0.0,7
2426807064,2,1,0.0811474591034518,0.0,8
753571509080174592,2,1,0.07534071221708813,0.0,8
20562637,11,1,0.3898443430770351,0.0,8
1095314623119716353,1,1,0.04084583196345016,0.0,8
608573911,1,1,0.04084583196345016,0.0,8
77870937,1,1,0.04084583196345016,0.0,8
37874853,1,1,0.04520916596792369,0.0,8
3225880994,1,1,0.04084583196345016,0.0,8
1337622841,1,1,0.04084583196345016,0.0,8
125053452,1,1,0.04084583196345016,0.0,8
39529517,1,1,0.04084583196345016,0.0,8
551333296,1,1,0.04084583196345016,0.0,8
940213619978936320,1,1,0.04084583196345016,0.0,8
3170552591,1,1,0.04084583196345016,0.0,8
212693825,8,1,0.30922176041950206,0.0,9
238222784,2,1,0.07897602201636914,0.0,9
229505928,4,1,0.1626437394446597,0.0,9
1566929143,1,1,0.04440375686374453,0.0,9
384774896,1,1,0.04440375686374453,0.0,9
163937561,1,1,0.04440375686374453,0.0,9
2350677659,1,1,0.04440375686374453,0.0,9
709781086243577856,1,1,0.046110726691086165,0.0,9
4832848647,1,1,0.046110726691086165,0.0,9
4235865260,1,1,0.046110726691086165,0.0,9
2831342142,1,1,0.04440375686374453,0.0,9
1078773315613925378,1,1,0.04440375686374453,0.0,9
888486356,1,1,0.04440375686374453,0.0,9
2706779234,9,1,0.37784380716729965,0.0,10
816917960493178880,1,1,0.04817589132007676,0.0,10
957353638049042436,1,1,0.04817589132007676,0.0,10
949957487796645888,2,1,0.08862007569450864,0.0,10
765337693408468992,1,1,0.04817589132007676,0.0,10
1036054457744805889,1,1,0.04817589132007676,0.0,10
2890676769,1,1,0.04817589132007676,0.0,10
763577670240243712,1,1,0.04817589132007676,0.0,10
1736476482,1,1,0.04817589132007676,0.0,10
28817454,1,1,0.04817589132007676,0.0,10
1014586108800364544,2,1,0.09518480220314643,0.0,10
1199970041703358464,1,1,0.052944184374431894,0.0,10
291831562,13,1,0.898133476083445,0.17424242424242425,11
824149480232644609,1,1,0.08059041853812643,0.0,11
827830917313945601,1,1,0.08059041853812643,0.0,11
875002685476540418,1,1,0.08059041853812643,0.0,11
703082981439709184,1,1,0.08059041853812643,0.0,11
137410750,1,1,0.08059041853812643,0.0,11
357717154,1,1,0.08059041853812643,0.0,11
1915404506,1,1,0.08059041853812643,0.0,11
860697332828045312,1,1,0.08059041853812643,0.0,11
746117593539321858,1,1,0.08059041853812643,0.0,11
737142202481016832,1,1,0.08059041853812643,0.0,11
3310399162,1,1,0.08059041853812643,0.0,11
69587059,11,1,0.4661735065879687,0.0,12
228425689,1,1,0.04852968121927555,0.0,12
14097391,1,1,0.04852968121927555,0.0,12
251314858,1,1,0.04852968121927555,0.0,12
284286244,1,1,0.04852968121927555,0.0,12
36132121,1,1,0.04852968121927555,0.0,12
331834008,1,1,0.04852968121927555,0.0,12
7934702,1,1,0.04852968121927555,0.0,12
1044785908552216576,1,1,0.04852968121927555,0.0,12
2422389768,1,1,0.04852968121927555,0.0,12
155657780,1,1,0.04852968121927555,0.0,12
455449843,1,1,0.04852968121927555,0.0,12
1074186848069713920,10,1,0.5158343423678615,0.2361111111111111,13
132559441,1,1,0.060520707204017386,0.0,13
1579976935,1,1,0.060520707204017386,0.0,13
720280075866779648,1,1,0.060520707204017386,0.0,13
2877712525,1,1,0.060520707204017386,0.0,13
1199796273534115845,1,1,0.060520707204017386,0.0,13
1178234170117672961,1,1,0.060520707204017386,0.0,13
514623965,1,1,0.060520707204017386,0.0,13
294824682,1,1,0.060520707204017386,0.0,13
28768235,7,1,0.46963981655391546,0.0,14
1035299824856313857,1,1,0.07576574049229774,0.0,14
2814630924,1,1,0.07576574049229774,0.0,14
133634815,1,1,0.07576574049229774,0.0,14
326111183,1,1,0.07576574049229774,0.0,14
1684188870,1,1,0.07576574049229774,0.0,14
849384902,1,1,0.07576574049229774,0.0,14
774410751792545792,1,1,0.07576574049229774,0.0,14
5793562,7,1,0.46963981655391546,0.0,15
33218886,1,1,0.07576574049229773,0.0,15
151498816,1,1,0.07576574049229773,0.0,15
150442957,1,1,0.07576574049229773,0.0,15
1218197702783197186,1,1,0.07576574049229773,0.0,15
992755591339798528,1,1,0.07576574049229773,0.0,15
67085056,1,1,0.07576574049229773,0.0,15
2379953404,1,1,0.07576574049229773,0.0,15
795639661783678976,7,1,0.46963981655391546,0.0,16
131381570,1,1,0.07576574049229773,0.0,16
987959171352969216,1,1,0.07576574049229773,0.0,16
1883176435,1,1,0.07576574049229773,0.0,16
717635379306704896,1,1,0.07576574049229773,0.0,16
64084022,1,1,0.07576574049229773,0.0,16
41372760,1,1,0.07576574049229773,0.0,16
3151156730,1,1,0.07576574049229773,0.0,16
4399065940,7,1,0.46963981655391546,0.0,17
283760181,1,1,0.07576574049229773,0.0,17
931940122731470850,1,1,0.07576574049229773,0.0,17
1076195084004147200,1,1,0.07576574049229773,0.0,17
859526636827549697,1,1,0.07576574049229773,0.0,17
1066099593945985025,1,1,0.07576574049229773,0.0,17
1220345136955252737,1,1,0.07576574049229773,0.0,17
1041129361905274880,1,1,0.07576574049229773,0.0,17
99781015,4,1,0.27015227025742933,0.0,18
1166741125773897728,1,1,0.07613712119911653,0.0,18
79497923,3,1,0.20178235401140876,0.0,18
264359201,2,1,0.14384725915499427,0.0,18
2566565082,1,1,0.07594190196442996,0.0,18
137930016,1,1,0.07986485101438734,0.0,18
1110894994062225411,1,1,0.07613712119911653,0.0,18
1130221737268924416,1,1,0.07613712119911653,0.0,18
185649929,7,1,0.46963981655391546,0.0,19
39084128,1,1,0.07576574049229773,0.0,19
42442286,1,1,0.07576574049229773,0.0,19
1189556874791837696,1,1,0.07576574049229773,0.0,19
928287597192994817,1,1,0.07576574049229773,0.0,19
61492193,1,1,0.07576574049229773,0.0,19
56119890,1,1,0.07576574049229773,0.0,19
4263675208,1,1,0.07576574049229773,0.0,19
15075999,7,1,0.46963981655391546,0.0,20
712120147599708160,1,1,0.07576574049229773,0.0,20
1357135723,1,1,0.07576574049229773,0.0,20
746693401240756224,1,1,0.07576574049229773,0.0,20
1408710426,1,1,0.07576574049229773,0.0,20
534667698,1,1,0.07576574049229773,0.0,20
38588833,1,1,0.07576574049229773,0.0,20
827187458244751360,1,1,0.07576574049229773,0.0,20
947193712324567041,6,1,0.4710855395751576,0.0,21
16877851,1,1,0.08815241007080707,0.0,21
154757564,1,1,0.08815241007080707,0.0,21
992566131419381760,1,1,0.08815241007080707,0.0,21
816287078296088576,1,1,0.08815241007080707,0.0,21
29539620,1,1,0.08815241007080707,0.0,21
884452484357509120,1,1,0.08815241007080707,0.0,21
266115514,6,1,0.47108553957515764,0.0,22
633580141,1,1,0.08815241007080707,0.0,22
353492948,1,1,0.08815241007080707,0.0,22
2360673589,1,1,0.08815241007080707,0.0,22
139960799,1,1,0.08815241007080707,0.0,22
25496022,1,1,0.08815241007080707,0.0,22
84203667,1,1,0.08815241007080707,0.0,22
953998379230605312,6,1,0.4710855395751579,0.0,23
1060995561988341760,1,1,0.08815241007080715,0.0,23
1123076752266256384,1,1,0.08815241007080715,0.0,23
267351728,1,1,0.08815241007080715,0.0,23
1048202298881728513,1,1,0.08815241007080715,0.0,23
1038930296807333896,1,1,0.08815241007080715,0.0,23
1046794064090284035,1,1,0.08815241007080715,0.0,23
171981193,6,1,0.47108553957515764,0.0,24
3295347892,1,1,0.08815241007080707,0.0,24
1191131444816547843,1,1,0.08815241007080707,0.0,24
2732751986,1,1,0.08815241007080707,0.0,24
246172560,1,1,0.08815241007080707,0.0,24
228426881,1,1,0.08815241007080707,0.0,24
470922121,1,1,0.08815241007080707,0.0,24
1170029571942563842,6,1,0.47108553957515764,0.0,25
25645618,1,1,0.08815241007080707,0.0,25
850501811165425664,1,1,0.08815241007080707,0.0,25
974997176077225984,1,1,0.08815241007080707,0.0,25
932089266045321217,1,1,0.08815241007080707,0.0,25
91390903,1,1,0.08815241007080707,0.0,25
1213773076749406208,1,1,0.08815241007080707,0.0,25
8315402,4,1,0.31430719230821136,0.0,26
162803744,2,1,0.15974099083772045,0.0,26
1074905901188943872,1,1,0.08819772367999623,0.0,26
1078004201706409984,1,1,0.08819772367999623,0.0,26
3408076072,1,1,0.08819772367999623,0.0,26
554182536,2,1,0.16838680722778385,0.0,26
888058036547440640,1,1,0.09297183858629562,0.0,26
560068657,6,1,0.4710855395751579,0.0,27
3305347245,1,1,0.08815241007080715,0.0,27
2230011875,1,1,0.08815241007080715,0.0,27
861664250,1,1,0.08815241007080715,0.0,27
15375514,1,1,0.08815241007080715,0.0,27
1180456524629647361,1,1,0.08815241007080715,0.0,27
750316206016589825,1,1,0.08815241007080715,0.0,27
127674014,5,1,0.4730131702701473,0.0,28
812302550477045760,1,1,0.10539736594597061,0.0,28
1171099652,1,1,0.10539736594597061,0.0,28
168446862,1,1,0.10539736594597061,0.0,28
1617461900,1,1,0.10539736594597061,0.0,28
1220485218408288257,1,1,0.10539736594597061,0.0,28
136953019,4,1,0.3774015604675857,0.0,29
946817562985328641,1,1,0.10517811395511378,0.0,29
1108548657274597376,1,1,0.10517811395511378,0.0,29
2654413790,2,1,0.19792588071777378,0.0,29
1071747501932376065,1,1,0.10913821694929987,0.0,29
32611827,1,1,0.10517811395511378,0.0,29
2182266309,5,1,0.4730131702701473,0.0,30
2476170958,1,1,0.10539736594597061,0.0,30
931946406,1,1,0.10539736594597061,0.0,30
1701445842,1,1,0.10539736594597061,0.0,30
995918029,1,1,0.10539736594597061,0.0,30
815458027,1,1,0.10539736594597061,0.0,30
597808299,5,1,0.4730131702701473,0.0,31
826451330847952897,1,1,0.10539736594597061,0.0,31
1000714428990533632,1,1,0.10539736594597061,0.0,31
2994946468,1,1,0.10539736594597061,0.0,31
120440405,1,1,0.10539736594597061,0.0,31
372233788,1,1,0.10539736594597061,0.0,31
1884132126,5,1,0.4730131702701473,0.0,32
2704092630,1,1,0.10539736594597061,0.0,32
349518413,1,1,0.10539736594597061,0.0,32
2178643486,1,1,0.10539736594597061,0.0,32
1389666344,1,1,0.10539736594597061,0.0,32
850136280000331776,1,1,0.10539736594597061,0.0,32
9317502,5,1,0.4730131702701473,0.0,33
1173064556656189440,1,1,0.10539736594597061,0.0,33
1121353595574734848,1,1,0.10539736594597061,0.0,33
852552175876231168,1,1,0.10539736594597061,0.0,33
1092658040845811712,1,1,0.10539736594597061,0.0,33
1008178474123780096,1,1,0.10539736594597061,0.0,33
418028983,4,1,0.4756331138316093,0.0,34
265903875,1,1,0.13109172154209786,0.0,34
13159862,1,1,0.13109172154209786,0.0,34
976907294,1,1,0.13109172154209786,0.0,34
3422289058,1,1,0.13109172154209786,0.0,34
598601483,4,1,0.4756331138316093,0.0,35
1147598862145728512,1,1,0.13109172154209786,0.0,35
1031749415206301696,1,1,0.13109172154209786,0.0,35
16632562,1,1,0.13109172154209786,0.0,35
1142905753004625921,1,1,0.13109172154209786,0.0,35
1182324054503706624,4,1,0.4756331138316093,0.0,36
1058468656575926272,1,1,0.13109172154209786,0.0,36
839334989548302336,1,1,0.13109172154209786,0.0,36
164685610,1,1,0.13109172154209786,0.0,36
1206393649447284737,1,1,0.13109172154209786,0.0,36
231502837,3,1,0.35760371722347917,0.0,37
84563913,1,1,0.13129272360388222,0.0,37
794965174931308544,1,1,0.13129272360388222,0.0,37
17424057,2,1,0.24546140769075264,0.0,37
188713134,1,1,0.13434942787800438,0.0,37
929282884094930945,4,1,0.4756331138316093,0.0,38
716547275279835137,1,1,0.13109172154209786,0.0,38
983875424840105989,1,1,0.13109172154209786,0.0,38
1173283035761930240,1,1,0.13109172154209786,0.0,38
1042310095223177217,1,1,0.13109172154209786,0.0,38
27947724,4,1,0.4756331138316093,0.0,39
943923561512816640,1,1,0.13109172154209786,0.0,39
468732172,1,1,0.13109172154209786,0.0,39
907419378961940480,1,1,0.13109172154209786,0.0,39
1111392161570783233,1,1,0.13109172154209786,0.0,39
2983063441,4,1,0.4756331138316093,0.0,40
1167386420312338433,1,1,0.13109172154209786,0.0,40
1179752519716622336,1,1,0.13109172154209786,0.0,40
877327920708042755,1,1,0.13109172154209786,0.0,40
1165647880788381696,1,1,0.13109172154209786,0.0,40
928235115079233539,4,1,0.4756331138316093,0.0,41
3070097967,1,1,0.13109172154209786,0.0,41
972320856,1,1,0.13109172154209786,0.0,41
2949599883,1,1,0.13109172154209786,0.0,41
499218805,1,1,0.13109172154209786,0.0,41
3039681,4,1,0.4756331138316093,0.0,42
134206583,1,1,0.13109172154209786,0.0,42
822422334,1,1,0.13109172154209786,0.0,42
518748978,1,1,0.13109172154209786,0.0,42
13684132,1,1,0.13109172154209786,0.0,42
752715551315755009,4,1,0.4756331138316093,0.0,43
955210728117624832,1,1,0.13109172154209786,0.0,43
1123425559437029376,1,1,0.13109172154209786,0.0,43
749891725712363520,1,1,0.13109172154209786,0.0,43
882993138,1,1,0.13109172154209786,0.0,43
48637571,3,1,0.3576037172234791,0.0,44
1072901866390982656,1,1,0.13129272360388222,0.0,44
34044953,2,1,0.24546140769075264,0.0,44
3305508632,1,1,0.13434942787800438,0.0,44
4825717577,1,1,0.13129272360388222,0.0,44
18774524,4,1,0.4756331138316093,0.0,45
714386061833728001,1,1,0.13109172154209786,0.0,45
715168417955913728,1,1,0.13109172154209786,0.0,45
591179717,1,1,0.13109172154209786,0.0,45
3005274663,1,1,0.13109172154209786,0.0,45
501971422,3,1,0.4797714570278341,0.0,46
96761840,1,1,0.1734095143240551,0.0,46
255453880,1,1,0.1734095143240551,0.0,46
342783459,1,1,0.1734095143240551,0.0,46
848626596927987712,3,1,0.4797714570278339,0.0,47
111690888,1,1,0.1734095143240551,0.0,47
2203661378,1,1,0.1734095143240551,0.0,47
921870486732021760,1,1,0.1734095143240551,0.0,47
27069877,3,1,0.4797714570278339,0.0,48
1059592296,1,1,0.17340951432405508,0.0,48
980545691834445825,1,1,0.17340951432405508,0.0,48
382381532,1,1,0.17340951432405508,0.0,48
21673827,3,1,0.4797714570278339,0.0,49
20751592,1,1,0.17340951432405508,0.0,49
295717111,1,1,0.17340951432405508,0.0,49
15829574,1,1,0.17340951432405508,0.0,49
4282987814,3,1,0.4797714570278339,0.0,50
813579403024273408,1,1,0.17340951432405508,0.0,50
1325337348,1,1,0.17340951432405508,0.0,50
247174973,1,1,0.17340951432405508,0.0,50
444578093,3,1,0.4797714570278339,0.0,51
29514989,1,1,0.1734095143240551,0.0,51
97018980,1,1,0.1734095143240551,0.0,51
929707165128056832,1,1,0.1734095143240551,0.0,51
161208485,3,1,0.4797714570278339,0.0,52
605591235,1,1,0.17340951432405508,0.0,52
4011676277,1,1,0.17340951432405508,0.0,52
3930612321,1,1,0.17340951432405508,0.0,52
518101399,3,1,0.4797714570278339,0.0,53
41463795,1,1,0.1734095143240551,0.0,53
816998886032207872,1,1,0.1734095143240551,0.0,53
846809034250506240,1,1,0.1734095143240551,0.0,53
15345797,3,1,0.4797714570278339,0.0,54
7506322,1,1,0.17340951432405508,0.0,54
38374195,1,1,0.17340951432405508,0.0,54
84156832,1,1,0.17340951432405508,0.0,54
15055120,3,1,0.4797714570278341,0.0,55
15374537,1,1,0.1734095143240551,0.0,55
467207238,1,1,0.1734095143240551,0.0,55
2689900176,1,1,0.1734095143240551,0.0,55
479445216,3,1,0.4797714570278339,0.0,56
50013926,1,1,0.1734095143240551,0.0,56
1221022446616285184,1,1,0.1734095143240551,0.0,56
427366060,1,1,0.1734095143240551,0.0,56
22679914,3,1,0.4797714570278339,0.0,57
758782719832666112,1,1,0.1734095143240551,0.0,57
935826624,1,1,0.1734095143240551,0.0,57
1017371723497340928,1,1,0.1734095143240551,0.0,57
1181693492441030658,3,1,0.4797714570278341,0.0,58
1184625773623336962,1,1,0.1734095143240551,0.0,58
1071810447412588546,1,1,0.1734095143240551,0.0,58
1169618146044473344,1,1,0.1734095143240551,0.0,58
54578941,2,1,0.4864411891956473,0.0,59
1246670059,1,1,0.25677940540217603,0.0,59
392428419,1,1,0.25677940540217603,0.0,59
1000144495499993089,2,1,0.4864411891956473,0.0,60
476053480,1,1,0.25677940540217603,0.0,60
1322551362,1,1,0.25677940540217603,0.0,60
254263052,2,1,0.48644118919564794,0.0,61
725118822009688065,1,1,0.25677940540217636,0.0,61
986245358,1,1,0.25677940540217636,0.0,61
1078715018370273283,2,1,0.48644118919564794,0.0,62
1089682312101548033,1,1,0.25677940540217636,0.0,62
33255872,1,1,0.25677940540217636,0.0,62
2973861076,2,1,0.48644118919564794,0.0,63
161821622,1,1,0.25677940540217636,0.0,63
1086580311931191296,1,1,0.25677940540217636,0.0,63
955745235493179392,2,1,0.4864411891956473,0.0,64
756776156288970753,1,1,0.25677940540217603,0.0,64
1018144154445144064,1,1,0.25677940540217603,0.0,64
1054056961392697344,2,1,0.4864411891956473,0.0,65
1142424032794406912,1,1,0.25677940540217603,0.0,65
710123736175783938,1,1,0.25677940540217603,0.0,65
747433580,2,1,0.48644118919564794,0.0,66
249403561,1,1,0.25677940540217636,0.0,66
1215959975488442368,1,1,0.25677940540217636,0.0,66
900437108363591682,2,1,0.4864411891956473,0.0,67
1048202462170177538,1,1,0.25677940540217603,0.0,67
159781730,1,1,0.25677940540217603,0.0,67
2662822404,2,1,0.48644118919564794,0.0,68
982992841021575169,1,1,0.25677940540217636,0.0,68
811955424161239042,1,1,0.25677940540217636,0.0,68
1171523673481629696,2,1,0.48644118919564794,0.0,69
726065930455908353,1,1,0.25677940540217636,0.0,69
1181213698460962816,1,1,0.25677940540217636,0.0,69
136759973,2,1,0.48644118919564794,0.0,70
22683204,1,1,0.25677940540217636,0.0,70
889688274976907264,1,1,0.25677940540217636,0.0,70
1156478024012967936,2,1,0.48644118919564794,0.0,71
1152177506344198144,1,1,0.25677940540217636,0.0,71
1174281097103978496,1,1,0.25677940540217636,0.0,71
1191374677186433025,2,1,0.48644118919564794,0.0,72
1156604621604970496,1,1,0.25677940540217636,0.0,72
1107101392211243009,1,1,0.25677940540217636,0.0,72
3232683101,2,1,0.48644118919564794,0.0,73
3343054667,1,1,0.25677940540217636,0.0,73
195731547,1,1,0.25677940540217636,0.0,73
2442725460,2,1,0.4864411891956473,0.0,74
1641608546,1,1,0.25677940540217603,0.0,74
272096502,1,1,0.25677940540217603,0.0,74
701797092814094336,2,1,0.48644118919564794,0.0,75
475221420,1,1,0.25677940540217636,0.0,75
1036655909047623683,1,1,0.25677940540217636,0.0,75
45175883,2,1,0.4864411891956473,0.0,76
87849759,1,1,0.25677940540217603,0.0,76
218885245,1,1,0.25677940540217603,0.0,76
1081528420201365504,2,1,0.48644118919564794,0.0,77
936961586740174848,1,1,0.25677940540217636,0.0,77
1057756811351207936,1,1,0.25677940540217636,0.0,77
1182287349247614981,2,1,0.4864411891956473,0.0,78
331164952,1,1,0.25677940540217603,0.0,78
46468157,1,1,0.25677940540217603,0.0,78
1054442588227350528,1,1,0.25677940540217603,0.0,79
828068220,2,1,0.4864411891956473,0.0,79
320252434,1,1,0.25677940540217603,0.0,79
767924416332259328,2,1,0.4864411891956473,0.0,80
889817893843742720,1,1,0.25677940540217603,0.0,80
938115297382412288,1,1,0.25677940540217603,0.0,80
396918743,4,1,4.773253682631261,0.8333333333333334,81
793279657239908352,1,1,1.3630604007410525,0.0,81
1097354129590996997,1,1,1.3630604007410525,0.0,81
16738961,2,1,0.4864411891956473,0.0,82
559923107,1,1,0.25677940540217603,0.0,82
142336333,1,1,0.25677940540217603,0.0,82
54527239,2,1,0.48644118919564794,0.0,83
44444289,1,1,0.25677940540217636,0.0,83
336770336,1,1,0.25677940540217636,0.0,83
1103451206616150017,2,1,0.48644118919564794,0.0,84
1149346339442089984,1,1,0.25677940540217636,0.0,84
708908492359225345,1,1,0.25677940540217636,0.0,84
951112133894377472,2,1,0.48644118919564794,0.0,85
393905106,1,1,0.25677940540217636,0.0,85
133672660,1,1,0.25677940540217636,0.0,85
1219404367,2,1,0.48644118919564794,0.0,86
1172626931801395200,1,1,0.25677940540217636,0.0,86
265487642,1,1,0.25677940540217636,0.0,86
35851325,2,1,0.4864411891956473,0.0,87
7712832,1,1,0.25677940540217603,0.0,87
800049679903887360,1,1,0.25677940540217603,0.0,87
150913809,2,1,0.4864411891956473,0.0,88
2975510359,1,1,0.25677940540217603,0.0,88
2767843313,1,1,0.25677940540217603,0.0,88
4786751115,2,1,0.4864411891956473,0.0,89
1191453756,1,1,0.25677940540217603,0.0,89
974683192723738624,1,1,0.25677940540217603,0.0,89
1184957341097189376,2,1,0.48644118919564794,0.0,90
779296861,1,1,0.25677940540217636,0.0,90
822963875012366338,1,1,0.25677940540217636,0.0,90
51834139,1,1,0.25677940540217636,0.0,91
842067043012739073,2,1,0.48644118919564794,0.0,91
1083442255095128064,1,1,0.25677940540217636,0.0,91
194632356,2,1,0.4864411891956473,0.0,92
778418,1,1,0.25677940540217603,0.0,92
82807134,1,1,0.25677940540217603,0.0,92
1299769218,4,1,4.773253682631261,0.8333333333333334,93
1063381331084812294,1,1,1.3630604007410525,0.0,93
1219599046928687104,1,1,1.3630604007410525,0.0,93
426950508,2,1,0.4864411891956473,0.0,94
2317372791,1,1,0.25677940540217603,0.0,94
152341438,1,1,0.25677940540217603,0.0,94
3218997211,2,1,0.48644118919564794,0.0,95
148988782,1,1,0.25677940540217636,0.0,95
948949649968287744,1,1,0.25677940540217636,0.0,95
910050092744302592,2,1,0.4864411891956473,0.0,96
1039121278936989697,1,1,0.25677940540217603,0.0,96
1150696280110313472,1,1,0.25677940540217603,0.0,96
860494626339344385,1,1,0.25677940540217636,0.0,97
85960365,2,1,0.48644118919564794,0.0,97
3366234974,1,1,0.25677940540217636,0.0,97
994863809641766912,2,1,0.48644118919564794,0.0,98
820561067810189313,1,1,0.25677940540217636,0.0,98
2883998483,1,1,0.25677940540217636,0.0,98
52926073,2,1,0.48644118919564794,0.0,99
1220435881791836160,1,1,0.25677940540217636,0.0,99
1007697375853457408,1,1,0.25677940540217636,0.0,99
245640696,2,1,0.4864411891956473,0.0,100
842791736,1,1,0.25677940540217603,0.0,100
727525886,1,1,0.25677940540217603,0.0,100
1199717258538471427,1,1,0.5,0.0,101
975674360,1,1,0.5,0.0,101
877201512216367104,1,1,0.5,0.0,102
1159767582326394887,1,1,0.5,0.0,102
1148174019440631810,1,1,0.5,0.0,103
126416116,1,1,0.5,0.0,103
57279615,1,1,0.5,0.0,104
1200015024,1,1,0.5,0.0,104
1197243059114774528,1,1,0.5,0.0,105
51541223,1,1,0.5,0.0,105
38842183,1,1,0.5,0.0,106
852109871654850562,1,1,0.5,0.0,106
34181507,1,1,0.5,0.0,107
896014223351980036,1,1,0.5,0.0,107
24200759,1,1,0.5,0.0,108
60361102,1,1,0.5,0.0,108
532183225,1,1,0.5,0.0,109
274216165,1,1,0.5,0.0,109
25719623,1,1,0.5,0.0,110
37954151,1,1,0.5,0.0,110
1161228528454688768,1,1,0.5,0.0,111
418006125,1,1,0.5,0.0,111
14594980,1,1,0.5,0.0,112
2467302827,1,1,0.5,0.0,112
2391345684,3,1,0.7207700514078156,1.5,113
1014175274756395009,1,1,0.2792299485921841,0.0,113
1135271750,1,1,0.5,0.0,114
157941808,1,1,0.5,0.0,114
710547630074372096,1,1,0.5,0.0,115
1209819754694873088,1,1,0.5,0.0,115
14327726,1,1,0.5,0.0,116
1441858172,1,1,0.5,0.0,116
836205188511842304,1,1,0.5,0.0,117
761763343,1,1,0.5,0.0,117
1054139178965860352,1,1,0.5,0.0,118
2200545355,1,1,0.5,0.0,118
101038791,1,1,0.5,0.0,119
407724045,1,1,0.5,0.0,119
754697103490752512,1,1,0.5,0.0,120
1275646346,1,1,0.5,0.0,120
317700874,1,1,0.5,0.0,121
521793778,1,1,0.5,0.0,121
458709872,1,1,0.5,0.0,122
48008906,1,1,0.5,0.0,122
865418352755265537,1,1,0.5,0.0,123
77201228,1,1,0.5,0.0,123
880402054610604032,1,1,0.5,0.0,124
455095726,1,1,0.5,0.0,124
895815262024454146,1,1,0.5,0.0,125
1098534978055430150,1,1,0.5,0.0,125
2165428397,1,1,0.5,0.0,126
39689416,1,1,0.5,0.0,126
726342439275995137,1,1,0.5,0.0,127
1208795851717562369,1,1,0.5,0.0,127
723896723794440193,3,1,0.7207700514078156,1.5,128
897358960239443968,1,1,0.2792299485921841,0.0,128
4399191863,1,1,0.5,0.0,129
1010670316392255489,1,1,0.5,0.0,129
1161163394235412480,1,1,0.5,0.0,130
2905465582,1,1,0.5,0.0,130
1080844537,1,1,0.5,0.0,131
894413549266771972,1,1,0.5,0.0,131
61435370,1,1,0.5,0.0,132
1144301178756325381,1,1,0.5,0.0,132
67025567,1,1,0.5,0.0,133
472358630,1,1,0.5,0.0,133
2694526742,1,1,0.5,0.0,134
923310293110935553,1,1,0.5,0.0,134
1653583890,1,1,0.5,0.0,135
93969478,1,1,0.5,0.0,135
1213176607663222785,1,1,0.5,0.0,136
890981599420051456,1,1,0.5,0.0,136
188269650,1,1,0.5,0.0,137
45017343,1,1,0.5,0.0,137
15123399,1,1,0.5,0.0,138
67590212,1,1,0.5,0.0,138
39008943,1,1,0.5,0.0,139
1324250802,1,1,0.5,0.0,139
747491433658060800,1,1,0.5,0.0,140
1113669446877372419,1,1,0.5,0.0,140
3121975430,1,1,0.5,0.0,141
1110545565794873344,1,1,0.5,0.0,141
49464220,1,1,0.5,0.0,142
1002330688857632769,1,1,0.5,0.0,142
23107041,1,1,0.5,0.0,143
227715360,1,1,0.5,0.0,143
952305403769081856,1,1,0.5,0.0,144
3435896139,1,1,0.5,0.0,144
1341686353,1,1,0.5,0.0,145
809775844264710144,1,1,0.5,0.0,145
1201520235033051136,1,1,0.5,0.0,146
3141149600,1,1,0.5,0.0,146
67616151,1,1,0.5,0.0,147
743439864171995136,1,1,0.5,0.0,147
1069213171112644608,1,1,0.5,0.0,148
1101770699948126210,1,1,0.5,0.0,148
94154580,1,1,0.5,0.0,149
2980782047,1,1,0.5,0.0,149
1023196198537232386,1,1,0.5,0.0,150
278809527,1,1,0.5,0.0,150
1049585267772968960,1,1,0.5,0.0,151
1174814217033134082,1,1,0.5,0.0,151
1160872078716932096,1,1,0.5,0.0,152
4228860996,1,1,0.5,0.0,152
3305615771,1,1,0.5,0.0,153
3300913889,1,1,0.5,0.0,153
696928975927578626,1,1,0.5,0.0,154
1210546488796946432,1,1,0.5,0.0,154
2550696774,1,1,0.5,0.0,155
2811005072,1,1,0.5,0.0,155
4009834565,1,1,0.5,0.0,156
1213015344131870722,1,1,0.5,0.0,156
183719899,1,1,0.5,0.0,157
4854617415,1,1,0.5,0.0,157
85605181,1,1,0.5,0.0,158
3301928320,1,1,0.5,0.0,158
1167146579159109632,1,1,0.5,0.0,159
886036812,1,1,0.5,0.0,159
1024320092379795456,1,1,0.5,0.0,160
207533319,1,1,0.5,0.0,160
1011022390866972675,1,1,0.5,0.0,161
1201649161323655169,1,1,0.5,0.0,161
1186428343,1,1,0.5,0.0,162
3476885714,1,1,0.5,0.0,162
146637044,1,1,0.5,0.0,163
1221548727158104065,1,1,0.5,0.0,163
1214518042279006210,1,1,0.5,0.0,164
2409163399,1,1,0.5,0.0,164
1622219137,1,1,0.5,0.0,165
2968459052,1,1,0.5,0.0,165
16982413,1,1,0.5,0.0,166
954455932234272770,1,1,0.5,0.0,166
1140816715930099712,1,1,0.5,0.0,167
2309166019,1,1,0.5,0.0,167
190670724,1,1,0.5,0.0,168
60518078,1,1,0.5,0.0,168
42242586,1,1,0.5,0.0,169
14963343,1,1,0.5,0.0,169
49606846,1,1,0.5,0.0,170
748789235717541888,1,1,0.5,0.0,170
912252893079760896,1,1,0.5,0.0,171
3121185064,1,1,0.5,0.0,171
20596957,1,1,0.5,0.0,172
480586426,1,1,0.5,0.0,172
783159774,1,1,0.5,0.0,173
796860931796070400,1,1,0.5,0.0,173
948260803110608896,1,1,0.5,0.0,174
70752394,1,1,0.5,0.0,174
1208260291,1,1,0.5,0.0,175
1211644430945357827,1,1,0.5,0.0,175
1039949238749327360,1,1,0.5,0.0,176
20844337,1,1,0.5,0.0,176
582957019,1,1,0.5,0.0,177
549268745,1,1,0.5,0.0,177
3043156962,1,1,0.5,0.0,178
990078319965057024,1,1,0.5,0.0,178
437774410,1,1,0.5,0.0,179
784510866603606016,1,1,0.5,0.0,179
2422762861,1,1,0.5,0.0,180
794197674459283460,1,1,0.5,0.0,180
35402085,1,1,0.5,0.0,181
1654110102,1,1,0.5,0.0,181
321694528,1,1,0.5,0.0,182
1156427455835574272,1,1,0.5,0.0,182
81028461,1,1,0.5,0.0,183
148194549,1,1,0.5,0.0,183
705737044056788993,1,1,0.5,0.0,184
1045300784672501760,1,1,0.5,0.0,184
757305905562157056,3,1,0.7207700514078156,1.5,185
527616975,1,1,0.2792299485921841,0.0,185
35694080,1,1,0.5,0.0,186
811886713,1,1,0.5,0.0,186
1178251077155614722,1,1,0.5,0.0,187
1176343584187940864,1,1,0.5,0.0,187
1675563421,1,1,0.5,0.0,188
15525413,1,1,0.5,0.0,188
49314861,1,1,0.5,0.0,189
2935654671,1,1,0.5,0.0,189
991130081257902080,1,1,0.5,0.0,190
879030159415795713,1,1,0.5,0.0,190
2833684626,1,1,0.5,0.0,191
1032603712445972480,1,1,0.5,0.0,191
4738380497,1,1,0.5,0.0,192
777971460,1,1,0.5,0.0,192
375535893,1,1,0.5,0.0,193
1053240544506339328,1,1,0.5,0.0,193
1609011901,1,1,0.5,0.0,194
408535563,1,1,0.5,0.0,194
26595392,1,1,0.5,0.0,195
575195877,1,1,0.5,0.0,195
260469044,2,0,1.0,0.0,196
260676166,2,0,1.0,0.0,197
860831093351743488,2,0,1.0,0.0,198
437085904,2,0,1.0,0.0,199
2823876614,2,0,1.0,0.0,200
1014311791369773056,2,0,1.0,0.0,201
3006912146,2,0,1.0,0.0,202
