id,degree,coreness,pageRank,betweeness,clustering
15075999,7,1,0.001984938500249955,21.0,0.0
1357135723,1,1,3.2107859953988224E-4,0.0,0.0
1129412194779766784,20,1,0.004936626350488082,8187.0,0.0
797394060331847680,2,1,4.8491087961233465E-4,8338.0,0.0
9317502,5,1,0.0014996460292095168,10.0,0.0
1008178474123780096,1,1,3.3494409871246615E-4,0.0,0.0
5988062,85,1,0.020790210653413025,10206.0,0.0
397954928,1,1,2.880547773399579E-4,0.0,0.0
26595392,1,1,5.290610871286412E-4,0.0,0.0
575195877,1,1,5.290610871286412E-4,0.0,0.0
18708396,242,3,0.05632894513794895,72477.5,2.2290044923013613E-4
3117104481,1,1,2.7768363769833866E-4,0.0,0.0
35013035,29,1,0.007028529693980669,1811.0,0.0
793745203,1,1,2.860490906038608E-4,0.0,0.0
4374719908,72,1,0.0173422611796429,6942.0,0.028370221327967807
409997594,1,1,2.8456465358915313E-4,0.0,0.0
245640696,2,1,7.7170732264886E-4,1.0,0.0
727525886,1,1,4.0773796936853176E-4,0.0,0.0
1086190946704900096,1,1,2.7768363769833866E-4,0.0,0.0
1019082963349368832,56,2,0.012587525441477183,21006.111111111215,0.040067340067340064
4422399434,1,1,2.706052992855072E-4,0.0,0.0
122687626,4,1,0.0010350597958169606,589.0,0.0
928277645711822852,1,1,2.9954326600367464E-4,0.0,0.0
1884132126,5,1,0.0014996460292095168,10.0,0.0
349518413,1,1,3.3494409871246615E-4,0.0,0.0
915336849756848128,1,1,2.7768363769833866E-4,0.0,0.0
1181693492441030658,3,1,0.0010143535581690788,3.0,0.0
1071810447412588546,1,1,3.6729693011516195E-4,0.0,0.0
1180735073701679104,1,1,2.706052992855072E-4,0.0,0.0
937360179925884928,1,1,2.7768363769833866E-4,0.0,0.0
992831582749757443,2,1,4.903029535476555E-4,3776.0,0.0
1129087959339327488,7,1,0.0016721244527765759,3913.0,0.0
75972047,13,1,0.0031935911224416367,2614.0,0.0
769809970816659456,1,1,2.878555894063434E-4,0.0,0.0
15862891,23,1,0.005867278268573455,253.0,0.0
26733047,1,1,2.969646879353884E-4,0.0,0.0
18774524,4,1,0.0012569997936892978,6.0,0.0
591179717,1,1,3.470764104884771E-4,0.0,0.0
49616273,53,1,0.012949493976588513,3734.0,0.0
92721492,1,1,2.876828616042104E-4,0.0,0.0
953078630,42,1,0.010291239119851144,4592.0,0.0
113992583,1,1,2.8836149460190365E-4,0.0,0.0
185649929,7,1,0.001984938500249955,21.0,0.0
42442286,1,1,3.2107859953988224E-4,0.0,0.0
1168199000639463426,24,1,0.0061099245040936835,276.0,0.0
1183612744861224960,1,1,2.9652511142176457E-4,0.0,0.0
69587059,11,1,0.0029555234423308293,55.0,0.0
1044785908552216576,1,1,3.0847360029207866E-4,0.0,0.0
2922975874,11,1,0.002713397306514353,1327.0,0.0
864230060177457154,1,1,2.8973384951835006E-4,0.0,0.0
1609011901,1,1,5.290610871286412E-4,0.0,0.0
408535563,1,1,5.290610871286412E-4,0.0,0.0
852787295316918276,107,1,0.026074113558372667,7079.0,0.0
1189950713067118592,1,1,2.87270170425788E-4,0.0,0.0
50257835,29,1,0.007189014685480918,2282.0,0.0
71957889,1,1,2.906486734720603E-4,0.0,0.0
592730371,79,1,0.01933395543959949,9711.0,0.0
4700477725,1,1,2.8817546509824155E-4,0.0,0.0
1019396264,1,1,2.880547773399579E-4,0.0,0.0
3229908828,1,1,2.7768363769833866E-4,0.0,0.0
3003720760,12,2,0.0027516290187130617,12816.0,0.0
23302053,1,1,2.74727417179088E-4,0.0,0.0
2394813020,1,1,2.7768363769833866E-4,0.0,0.0
48637571,3,1,9.454277799098135E-4,5.0,0.0
34044953,2,1,6.495407420854384E-4,3.0,0.0
95649329,1,1,2.880547773399579E-4,0.0,0.0
2597205728,1,1,2.7768363769833866E-4,0.0,0.0
1074186848069713920,10,1,0.0025353807831403384,28.0,0.2361111111111111
1071525334397407233,28,1,0.006920794536366355,325.0,0.0754985754985755
1130507824101040128,1,1,2.897853843152446E-4,0.0,0.0
597808299,5,1,0.0014996460292095168,10.0,0.0
1000714428990533632,1,1,3.3494409871246615E-4,0.0,0.0
962734832118726656,1,1,2.906486734720603E-4,0.0,0.0
379194159,1,1,2.876828616042104E-4,0.0,0.0
3006912146,2,0,5.480911799652283E-4,0.0,0.0
291831562,13,1,0.003268647782821188,55.0,0.17424242424242425
746117593539321858,1,1,2.9334173479456E-4,0.0,0.0
1217173996908793858,6,2,0.001300791570042542,400.5,0.7
1030590531728945152,1,1,2.6385348346246313E-4,0.0,0.0
22679914,3,1,0.0010143535581690788,3.0,0.0
935826624,1,1,3.6729693011516195E-4,0.0,0.0
700971797374640128,14,2,0.0034515367993862133,102.0,0.01098901098901099
1077528568022724608,1,1,2.8913017494629196E-4,0.0,0.0
1187855556079341568,3,3,6.177085419777476E-4,413.11111111111273,1.0
4521330855,1,1,2.880547773399579E-4,0.0,0.0
1316331686,26,1,0.006595216975134116,325.0,0.0
31129087,1,1,2.957473991284305E-4,0.0,0.0
965294487554740225,1,1,2.7768363769833866E-4,0.0,0.0
1102347200166797312,74,1,0.017836470550966012,9443.0,0.02758751902587519
3376083604,1,1,2.847425514507317E-4,0.0,0.0
896356018443235328,1,1,2.7768363769833866E-4,0.0,0.0
1151420836588544002,1,1,2.87270170425788E-4,0.0,0.0
839660378904723456,3,2,6.831808177688752E-4,1589.0,0.0
61170702,3,2,7.222132707226616E-4,599.0,0.0
3370552713,1,1,2.7768363769833866E-4,0.0,0.0
19432346,1,1,2.8817546509824155E-4,0.0,0.0
1675913107,1,1,2.906486734720603E-4,0.0,0.0
20562637,11,1,0.0028839966796188415,75.0,0.0
1095314623119716353,1,1,3.028555683282506E-4,0.0,0.0
28031362,1,1,2.8817546509824155E-4,0.0,0.0
2706779234,9,1,0.0023955468199695295,52.0,0.0
957353638049042436,1,1,3.062172595156005E-4,0.0,0.0
18850008,1,1,2.876828616042104E-4,0.0,0.0
212693825,8,1,0.002124384637367169,56.0,0.0
2831342142,1,1,3.0570328236209665E-4,0.0,0.0
479445216,3,1,0.0010143535581690788,3.0,0.0
50013926,1,1,3.6729693011516195E-4,0.0,0.0
876847817322622977,1,1,2.8817546509824155E-4,0.0,0.0
718353883991515136,3,1,8.445253251568916E-4,189.0,0.0
4287265097,1,1,3.192739103826937E-4,0.0,0.0
2555435112,1,1,2.878555894063434E-4,0.0,0.0
862377972082380800,1,1,2.8456465358915313E-4,0.0,0.0
711382023210926081,1,1,2.7768363769833866E-4,0.0,0.0
1049650312930242560,1,1,2.906486734720603E-4,0.0,0.0
150397339,1,1,2.847425514507317E-4,0.0,0.0
1082336227309830146,1,1,2.87270170425788E-4,0.0,0.0
2155004456,35,1,0.008717876087798691,663.0,0.0
307460630,1,1,2.918279359099919E-4,0.0,0.0
4738380497,1,1,5.290610871286412E-4,0.0,0.0
777971460,1,1,5.290610871286412E-4,0.0,0.0
1704418920,1,1,2.7768363769833866E-4,0.0,0.0
229505928,4,1,0.0011175536565720828,30.0,0.0
709781086243577856,1,1,3.1745852832013645E-4,0.0,0.0
52926073,2,1,7.7170732264886E-4,1.0,0.0
1007697375853457408,1,1,4.0773796936853176E-4,0.0,0.0
2833684626,1,1,5.290610871286412E-4,0.0,0.0
1032603712445972480,1,1,5.290610871286412E-4,0.0,0.0
3136409241,1,1,2.8913017494629196E-4,0.0,0.0
890941069327835137,1,1,2.87270170425788E-4,0.0,0.0
2577718669,1,1,2.860490906038608E-4,0.0,0.0
523829800,1,1,2.7768363769833866E-4,0.0,0.0
1099055504859582464,1,1,2.7768363769833866E-4,0.0,0.0
584818633,1,1,2.8817546509824155E-4,0.0,0.0
752715551315755009,4,1,0.0012569997936892978,6.0,0.0
955210728117624832,1,1,3.470764104884771E-4,0.0,0.0
892167582626717696,1,1,2.7768363769833866E-4,0.0,0.0
25400168,1,1,2.969646879353884E-4,0.0,0.0
51782243,1,1,2.876828616042104E-4,0.0,0.0
3039681,4,1,0.0012569997936892978,6.0,0.0
518748978,1,1,3.470764104884771E-4,0.0,0.0
261045020,1,1,2.7768363769833866E-4,0.0,0.0
14414133,2,1,5.268581696761849E-4,351.0,0.0
2422389768,1,1,3.0847360029207866E-4,0.0,0.0
1147958780858179584,1,1,2.87270170425788E-4,0.0,0.0
4887295569,1,1,2.87270170425788E-4,0.0,0.0
955539234617790465,1,1,2.7768363769833866E-4,0.0,0.0
36028398,22,3,0.004433143214771428,5074.5,0.11904761904761904
1077371659529740288,4,3,7.960530539026826E-4,719.4444444444413,0.6666666666666666
393650551,1,1,2.880547773399579E-4,0.0,0.0
1060633770531921921,13,1,0.003440815913371266,78.0,0.0
1069064749558706176,1,1,3.050799466484392E-4,0.0,0.0
970298456110698498,5,1,0.001166103227366778,799.0,0.5833333333333334
828527846,6,2,0.0012792044090473977,21261.0,0.03333333333333333
1014311791369773056,2,0,5.480911799652283E-4,0.0,0.0
47615797,1,1,2.87270170425788E-4,0.0,0.0
8315402,4,1,0.0011629007047798347,12.0,0.0
162803744,2,1,5.919580517917644E-4,8.0,0.0
5654932,4,2,8.623386273332805E-4,133.5,0.0
3382138047,2,2,4.4020522708886165E-4,85.99999999999977,0.0
1018818626022002691,1,1,2.87270170425788E-4,0.0,0.0
251261409,10,1,0.0025735784630892843,1035.0,0.0
1073576321241018370,1,1,2.9886144295997034E-4,0.0,0.0
396622827,1,1,2.7768363769833866E-4,0.0,0.0
1188161089046904832,10,1,0.002570781726290473,1305.0,0.0
57247312,1,1,2.982799399467377E-4,0.0,0.0
1005583452173987841,9,3,0.0017866523512683498,843.2777777777727,0.5
472504319,1,1,2.847425514507317E-4,0.0,0.0
125972550,1,1,2.880547773399579E-4,0.0,0.0
3131125000,1,1,2.876828616042104E-4,0.0,0.0
144867248,3,2,6.689801349432586E-4,2167.0,0.0
287505023,3,1,7.460549558899196E-4,1592.0,0.0
2669604139,1,1,2.8817546509824155E-4,0.0,0.0
1373510713,1,1,2.7768363769833866E-4,0.0,0.0
20988856,1,1,2.969646879353884E-4,0.0,0.0
50297008,1,1,2.7768363769833866E-4,0.0,0.0
1175024590810210304,1,1,2.7768363769833866E-4,0.0,0.0
3155591943,1,1,2.8817546509824155E-4,0.0,0.0
1191439896835178497,1,1,2.8456465358915313E-4,0.0,0.0
242765117,1,1,2.957473991284305E-4,0.0,0.0
99781015,4,1,0.0011426079462401627,15.0,0.0
1110894994062225411,1,1,3.224690553427588E-4,0.0,0.0
1222516456014872578,1,1,2.847425514507317E-4,0.0,0.0
23273932,6,1,0.0015139632713349624,2384.0,0.0
783036643754188801,2,1,5.662608167627506E-4,400.0,0.0
35216825,1,1,2.7768363769833866E-4,0.0,0.0
991130081257902080,1,1,5.290610871286412E-4,0.0,0.0
879030159415795713,1,1,5.290610871286412E-4,0.0,0.0
490204452,1,1,2.8456465358915313E-4,0.0,0.0
1005380774235918336,1,1,2.7768363769833866E-4,0.0,0.0
49314861,1,1,5.290610871286412E-4,0.0,0.0
2935654671,1,1,5.290610871286412E-4,0.0,0.0
17793117,1,1,2.918279359099919E-4,0.0,0.0
1193253792025694209,2,2,4.911903754552981E-4,0.5,0.0
2784268634,2,2,4.854156888942563E-4,199.5,0.0
1675563421,1,1,5.290610871286412E-4,0.0,0.0
15525413,1,1,5.290610871286412E-4,0.0,0.0
14568965,1,1,2.8817546509824155E-4,0.0,0.0
15055120,3,1,0.0010143535581690788,3.0,0.0
15374537,1,1,3.6729693011516195E-4,0.0,0.0
850038284294266881,1,1,2.880547773399579E-4,0.0,0.0
78328789,1,1,2.8817546509824155E-4,0.0,0.0
184776110,1,1,2.847425514507317E-4,0.0,0.0
973280430240739330,1,1,2.7768363769833866E-4,0.0,0.0
2178722603,1,1,2.87270170425788E-4,0.0,0.0
74760102,1,1,2.706052992855072E-4,0.0,0.0
2818688681,1,1,2.87270170425788E-4,0.0,0.0
314160773,1,1,2.897853843152446E-4,0.0,0.0
994863809641766912,2,1,7.7170732264886E-4,1.0,0.0
820561067810189313,1,1,4.0773796936853176E-4,0.0,0.0
380487157,1,1,2.8456465358915313E-4,0.0,0.0
60498418,1,1,2.876828616042104E-4,0.0,0.0
740979489631547394,1,1,2.9652511142176457E-4,0.0,0.0
148764351,1,1,2.906486734720603E-4,0.0,0.0
1170029571942563842,6,1,0.0017422922647297354,15.0,0.0
25645618,1,1,3.268558908617921E-4,0.0,0.0
931654388753432576,1,1,2.876828616042104E-4,0.0,0.0
1167793789001490433,2,1,5.095926478863647E-4,427.0,0.0
17243582,1,1,2.957473991284305E-4,0.0,0.0
304088375,1,1,2.8817546509824155E-4,0.0,0.0
856839231230095361,24,1,0.005978650187374801,3174.0,0.0
149556442,1,1,2.918148664384489E-4,0.0,0.0
1603150567,1,1,2.880547773399579E-4,0.0,0.0
2613758035,1,1,2.87270170425788E-4,0.0,0.0
23930264,1,1,2.9425364379128565E-4,0.0,0.0
757305905562157056,3,1,8.039637777974913E-4,0.0,1.5
121767299,1,1,2.8817546509824155E-4,0.0,0.0
1188209181607813121,1,1,2.7768363769833866E-4,0.0,0.0
1037676029085536256,1,1,2.7768363769833866E-4,0.0,0.0
536484518,1,1,2.7768363769833866E-4,0.0,0.0
14638490,1,1,2.897853843152446E-4,0.0,0.0
3129872906,1,1,2.906486734720603E-4,0.0,0.0
1210342420786896901,1,1,2.8817546509824155E-4,0.0,0.0
1909890530,1,1,2.969646879353884E-4,0.0,0.0
1025542878406135808,1,1,2.7768363769833866E-4,0.0,0.0
886825290,1,1,2.9652511142176457E-4,0.0,0.0
705737044056788993,1,1,5.290610871286412E-4,0.0,0.0
1045300784672501760,1,1,5.290610871286412E-4,0.0,0.0
1126525622438846465,1,1,2.876828616042104E-4,0.0,0.0
2806038415,11,1,0.00285798639933776,95.0,0.0
3090019191,1,1,3.008685465253904E-4,0.0,0.0
3169916217,1,1,2.8456465358915313E-4,0.0,0.0
1207288888198402048,1,1,2.87270170425788E-4,0.0,0.0
764854399927783424,1,1,2.7768363769833866E-4,0.0,0.0
1566929143,1,1,3.0570328236209665E-4,0.0,0.0
1495747434,1,1,2.8817546509824155E-4,0.0,0.0
1165085149375037440,1,1,2.9652511142176457E-4,0.0,0.0
831212959112114176,2,2,4.657281830203592E-4,2380.0,0.5
1910697216,18,1,0.004526676288011384,1003.0,0.0
1137957898741403648,1,1,2.938444842548556E-4,0.0,0.0
27103714,1,1,2.7768363769833866E-4,0.0,0.0
1086299609993900032,1,1,2.7768363769833866E-4,0.0,0.0
1076556888165281793,1,1,2.876828616042104E-4,0.0,0.0
1108671376582496257,1,1,2.7768363769833866E-4,0.0,0.0
3368409639,1,1,2.847425514507317E-4,0.0,0.0
1109163883082637312,7,1,0.0016792482759078675,2849.0,0.0
15345797,3,1,0.0010143535581690788,3.0,0.0
7506322,1,1,3.6729693011516195E-4,0.0,0.0
1134461659328765953,21,2,0.00485441683229908,7994.5,0.0
1109532876310302721,1,1,2.7768363769833866E-4,0.0,0.0
1966704782,6,1,0.0015598738496869972,735.0,0.0
928998593670807552,1,1,3.003731258423407E-4,0.0,0.0
1105576341624246272,1,1,2.876828616042104E-4,0.0,0.0
2504981221,1,1,2.8817546509824155E-4,0.0,0.0
1190698906478432256,1,1,2.8973384951835006E-4,0.0,0.0
860494626339344385,1,1,4.0773796936853176E-4,0.0,0.0
85960365,2,1,7.7170732264886E-4,1.0,0.0
1217392986008571906,1,1,2.7768363769833866E-4,0.0,0.0
735137489938055168,1,1,2.7768363769833866E-4,0.0,0.0
1147975581260230656,1,1,2.897853843152446E-4,0.0,0.0
910050092744302592,2,1,7.7170732264886E-4,1.0,0.0
1039121278936989697,1,1,4.0773796936853176E-4,0.0,0.0
983139952954363904,1,1,2.7768363769833866E-4,0.0,0.0
2994946468,1,1,3.3494409871246615E-4,0.0,0.0
81028461,1,1,5.290610871286412E-4,0.0,0.0
148194549,1,1,5.290610871286412E-4,0.0,0.0
132559441,1,1,2.951218241484356E-4,0.0,0.0
1175499537743589377,1,1,2.706052992855072E-4,0.0,0.0
321694528,1,1,5.290610871286412E-4,0.0,0.0
1156427455835574272,1,1,5.290610871286412E-4,0.0,0.0
1082645984579108866,1,1,2.87270170425788E-4,0.0,0.0
4832848647,1,1,3.1745852832013645E-4,0.0,0.0
337788332,1,1,2.7768363769833866E-4,0.0,0.0
475999810,1,1,2.7768363769833866E-4,0.0,0.0
143402288,1,1,2.906486734720603E-4,0.0,0.0
2165426407,1,1,2.5091298845052515E-4,0.0,0.0
2197038126,1,1,2.876828616042104E-4,0.0,0.0
134206583,1,1,3.470764104884771E-4,0.0,0.0
35402085,1,1,5.290610871286412E-4,0.0,0.0
1654110102,1,1,5.290610871286412E-4,0.0,0.0
2514475647,1,1,2.7768363769833866E-4,0.0,0.0
1213676391914303488,1,1,2.918148664384489E-4,0.0,0.0
1199897556249194496,1,1,2.8836149460190365E-4,0.0,0.0
3436173213,1,1,2.8817546509824155E-4,0.0,0.0
882750416282296320,1,1,2.7768363769833866E-4,0.0,0.0
4399065940,7,1,0.001984938500249955,21.0,0.0
931940122731470850,1,1,3.2107859953988224E-4,0.0,0.0
3140360197,1,1,2.8456465358915313E-4,0.0,0.0
17379212,1,1,2.957473991284305E-4,0.0,0.0
928235115079233539,4,1,0.0012569997936892978,6.0,0.0
3070097967,1,1,3.470764104884771E-4,0.0,0.0
1049964420,1,1,2.876828616042104E-4,0.0,0.0
2422762861,1,1,5.290610871286412E-4,0.0,0.0
794197674459283460,1,1,5.290610871286412E-4,0.0,0.0
57073835,1,1,2.906486734720603E-4,0.0,0.0
3218997211,2,1,7.7170732264886E-4,1.0,0.0
948949649968287744,1,1,4.0773796936853176E-4,0.0,0.0
89343637,1,1,2.8817546509824155E-4,0.0,0.0
171981193,6,1,0.0017422922647297354,15.0,0.0
1191131444816547843,1,1,3.268558908617921E-4,0.0,0.0
2437322888,1,1,2.7768363769833866E-4,0.0,0.0
437085904,2,0,5.480911799652283E-4,0.0,0.0
3057525427,1,1,2.897853843152446E-4,0.0,0.0
2182266309,5,1,0.0014996460292095168,10.0,0.0
1701445842,1,1,3.3494409871246615E-4,0.0,0.0
952016470061404160,1,1,2.5091298845052515E-4,0.0,0.0
1040340594013364227,1,1,2.7768363769833866E-4,0.0,0.0
27066780,1,1,2.7768363769833866E-4,0.0,0.0
2959143236,1,1,2.918148664384489E-4,0.0,0.0
437774410,1,1,5.290610871286412E-4,0.0,0.0
784510866603606016,1,1,5.290610871286412E-4,0.0,0.0
1184631056693112832,1,1,3.050799466484392E-4,0.0,0.0
871624223395020800,1,1,2.8456465358915313E-4,0.0,0.0
256487198,1,1,2.8456465358915313E-4,0.0,0.0
823965361045389312,1,1,2.876828616042104E-4,0.0,0.0
1202898808268439554,1,1,2.8456465358915313E-4,0.0,0.0
3043156962,1,1,5.290610871286412E-4,0.0,0.0
990078319965057024,1,1,5.290610871286412E-4,0.0,0.0
2951799664,1,1,2.847425514507317E-4,0.0,0.0
708729684381589505,1,1,2.7768363769833866E-4,0.0,0.0
954910124639965185,1,1,2.8456465358915313E-4,0.0,0.0
795639661783678976,7,1,0.001984938500249955,21.0,0.0
131381570,1,1,3.2107859953988224E-4,0.0,0.0
339735417,1,1,2.8913017494629196E-4,0.0,0.0
1299769218,4,1,0.0010556205789699511,1.0,0.8333333333333334
1219599046928687104,1,1,3.0391951290765075E-4,0.0,0.0
928395502164393984,1,1,2.5091298845052515E-4,0.0,0.0
871385613575925760,2,2,4.489920927046278E-4,413.11111111111273,0.5
916386665844957185,1,1,2.74727417179088E-4,0.0,0.0
90133405,1,1,2.880547773399579E-4,0.0,0.0
1206435879767695360,1,1,2.880547773399579E-4,0.0,0.0
582957019,1,1,5.290610871286412E-4,0.0,0.0
549268745,1,1,5.290610871286412E-4,0.0,0.0
546882647,1,1,2.7637563890902257E-4,0.0,0.0
198125236,1,1,2.8817546509824155E-4,0.0,0.0
194632356,2,1,7.7170732264886E-4,1.0,0.0
778418,1,1,4.0773796936853176E-4,0.0,0.0
60642052,8,1,0.0020206577534888828,903.0,0.0
71277475,1,1,2.947004263774689E-4,0.0,0.0
403849433,1,1,2.7768363769833866E-4,0.0,0.0
1188093856232792066,1,1,2.918148664384489E-4,0.0,0.0
1080460907652759552,1,1,2.876828616042104E-4,0.0,0.0
2983063441,4,1,0.0012569997936892978,6.0,0.0
877327920708042755,1,1,3.470764104884771E-4,0.0,0.0
839380769449590784,1,1,2.87270170425788E-4,0.0,0.0
1579976935,1,1,2.951218241484356E-4,0.0,0.0
1039949238749327360,1,1,5.290610871286412E-4,0.0,0.0
20844337,1,1,5.290610871286412E-4,0.0,0.0
284286244,1,1,3.0847360029207866E-4,0.0,0.0
357717154,1,1,2.9334173479456E-4,0.0,0.0
2654413790,2,1,6.286189657774906E-4,4.0,0.0
1071747501932376065,1,1,3.463527973141171E-4,0.0,0.0
228426881,1,1,3.268558908617921E-4,0.0,0.0
2626063733,1,1,2.87270170425788E-4,0.0,0.0
61492193,1,1,3.2107859953988224E-4,0.0,0.0
3000452181,1,1,2.87270170425788E-4,0.0,0.0
2732751986,1,1,3.268558908617921E-4,0.0,0.0
2998631305,1,1,2.7768363769833866E-4,0.0,0.0
19284888,1,1,2.8456465358915313E-4,0.0,0.0
533819133,1,1,2.706052992855072E-4,0.0,0.0
2857094567,2,1,5.744883495087458E-4,149.0,0.0
2342630384,1,1,3.2353164941260226E-4,0.0,0.0
948260803110608896,1,1,5.290610871286412E-4,0.0,0.0
70752394,1,1,5.290610871286412E-4,0.0,0.0
85273941,1,1,2.906486734720603E-4,0.0,0.0
27947724,4,1,0.0012569997936892978,6.0,0.0
1111392161570783233,1,1,3.470764104884771E-4,0.0,0.0
1169618146044473344,1,1,3.6729693011516195E-4,0.0,0.0
1054854856077426689,1,1,2.7768363769833866E-4,0.0,0.0
1645097844,1,1,2.87270170425788E-4,0.0,0.0
1083442255095128064,1,1,4.0773796936853176E-4,0.0,0.0
842067043012739073,2,1,7.7170732264886E-4,1.0,0.0
1562740009,9,1,0.0023210318803542442,1164.0,0.0
49685706,1,1,2.9909851316296235E-4,0.0,0.0
1076128917436678144,1,1,2.7768363769833866E-4,0.0,0.0
170334575,2,1,5.065270799415224E-4,1100.0,0.0
1002481657717325824,1,1,2.7768363769833866E-4,0.0,0.0
231502837,3,1,9.454277799098135E-4,5.0,0.0
794965174931308544,1,1,3.474981418901332E-4,0.0,0.0
779803793277919232,1,1,2.938444842548556E-4,0.0,0.0
2432298782,1,1,2.969646879353884E-4,0.0,0.0
717635379306704896,1,1,3.2107859953988224E-4,0.0,0.0
1197241760805720065,2,2,4.489920927046278E-4,413.11111111111273,0.5
111545544,1,1,2.8836149460190365E-4,0.0,0.0
35203319,6,2,0.0012468481411039378,4644.5,0.0
447959507,1,1,2.87270170425788E-4,0.0,0.0
946429143767543808,1,1,2.7768363769833866E-4,0.0,0.0
75392146,1,1,2.7768363769833866E-4,0.0,0.0
783159774,1,1,5.290610871286412E-4,0.0,0.0
796860931796070400,1,1,5.290610871286412E-4,0.0,0.0
840272684,1,1,2.880547773399579E-4,0.0,0.0
1078386004040519681,1,1,2.74727417179088E-4,0.0,0.0
976093981812633600,1,1,2.8836149460190365E-4,0.0,0.0
17787675,2,1,5.534866301114102E-4,67.0,0.0
560555551,1,1,3.141608877248896E-4,0.0,0.0
127674014,5,1,0.0014996460292095168,10.0,0.0
1171099652,1,1,3.3494409871246615E-4,0.0,0.0
23659863,1,1,2.7768363769833866E-4,0.0,0.0
1211639926812364801,5,1,0.0011484203644986793,799.0,0.6666666666666666
131211142,1,1,2.7478654344601893E-4,0.0,0.0
1184957341097189376,2,1,7.7170732264886E-4,1.0,0.0
822963875012366338,1,1,4.0773796936853176E-4,0.0,0.0
966492393548660736,1,1,2.7768363769833866E-4,0.0,0.0
604978737,1,1,2.876828616042104E-4,0.0,0.0
7372022,3,1,6.804568227461407E-4,4486.0,0.0
875626831856009218,1,1,2.8836149460190365E-4,0.0,0.0
1144514950607413249,1,1,2.880547773399579E-4,0.0,0.0
20596957,1,1,5.290610871286412E-4,0.0,0.0
480586426,1,1,5.290610871286412E-4,0.0,0.0
5554132,1,1,2.9886144295997034E-4,0.0,0.0
294043056,1,1,2.880547773399579E-4,0.0,0.0
1220460328976187392,1,1,2.847425514507317E-4,0.0,0.0
3532525212,1,1,2.982799399467377E-4,0.0,0.0
3077923751,1,1,2.7637563890902257E-4,0.0,0.0
221008908,1,1,2.8836149460190365E-4,0.0,0.0
2949599883,1,1,3.470764104884771E-4,0.0,0.0
17748144,7,1,0.0018374584477109574,387.0,0.0
184341387,1,1,2.878555894063434E-4,0.0,0.0
22214019,1,1,2.860490906038608E-4,0.0,0.0
762284686349574144,5,1,0.0013341908679704634,1594.0,0.0
991603167199617025,1,1,3.0672732068296523E-4,0.0,0.0
2325836667,1,1,2.87270170425788E-4,0.0,0.0
948071450484846593,1,1,2.918148664384489E-4,0.0,0.0
803684436332126208,1,1,2.8836149460190365E-4,0.0,0.0
527616975,1,1,3.073866270154962E-4,0.0,0.0
953998379230605312,6,1,0.0017422922647297354,15.0,0.0
1060995561988341760,1,1,3.268558908617921E-4,0.0,0.0
3195776480,1,1,2.880547773399579E-4,0.0,0.0
42224694,1,1,2.706052992855072E-4,0.0,0.0
113117866,1,1,2.8750997613116985E-4,0.0,0.0
1024647535661600768,3,1,7.351474387180732E-4,3977.0,0.0
823673648347303937,1,1,2.87270170425788E-4,0.0,0.0
109330040,2,1,5.359199618058113E-4,400.0,0.0
730822139956236288,6,2,0.0013817609381924448,6248.0,0.0
406446441,1,1,2.969646879353884E-4,0.0,0.0
4822337541,1,1,3.050799466484392E-4,0.0,0.0
66205037,1,1,2.8817546509824155E-4,0.0,0.0
1132041341389672449,1,1,2.8239751086072166E-4,0.0,0.0
4278286775,1,1,2.7768363769833866E-4,0.0,0.0
1018322206781313024,1,1,2.7768363769833866E-4,0.0,0.0
877476061319221248,1,1,2.706052992855072E-4,0.0,0.0
732330552,1,1,2.7768363769833866E-4,0.0,0.0
1220875020219682816,1,1,2.8973384951835006E-4,0.0,0.0
2728177162,1,1,2.87270170425788E-4,0.0,0.0
907353796140990465,1,1,2.957473991284305E-4,0.0,0.0
1089590063527284737,1,1,2.7637563890902257E-4,0.0,0.0
834782263,1,1,2.8456465358915313E-4,0.0,0.0
2532355403,1,1,2.8836149460190365E-4,0.0,0.0
3297737882,1,1,2.897853843152446E-4,0.0,0.0
1040071350512050176,1,1,3.198503779180111E-4,0.0,0.0
2350677659,1,1,3.0570328236209665E-4,0.0,0.0
860831093351743488,2,0,5.480911799652283E-4,0.0,0.0
864927037,1,1,2.8817546509824155E-4,0.0,0.0
912252893079760896,1,1,5.290610871286412E-4,0.0,0.0
3121185064,1,1,5.290610871286412E-4,0.0,0.0
932459631560900608,1,1,2.7768363769833866E-4,0.0,0.0
959515025584123904,1,1,2.982799399467377E-4,0.0,0.0
1053004308353048578,1,1,2.87270170425788E-4,0.0,0.0
143483210,1,1,2.8973384951835006E-4,0.0,0.0
1150696280110313472,1,1,4.0773796936853176E-4,0.0,0.0
746693401240756224,1,1,3.2107859953988224E-4,0.0,0.0
2453337357,1,1,2.87270170425788E-4,0.0,0.0
930104751622156288,1,1,2.7768363769833866E-4,0.0,0.0
19060353,1,1,2.8836149460190365E-4,0.0,0.0
2426807064,2,1,6.005878498406284E-4,12.0,0.0
753571509080174592,2,1,5.584830209715064E-4,22.0,0.0
1097289500026462208,1,1,2.7768363769833866E-4,0.0,0.0
1219807256180555776,1,1,2.8978799587748265E-4,0.0,0.0
1171516725969313792,1,1,2.969646879353884E-4,0.0,0.0
3732897196,2,1,4.915474383081552E-4,390.0,1.0
554182536,2,1,6.231601760381043E-4,5.0,0.0
703082981439709184,1,1,2.9334173479456E-4,0.0,0.0
49606846,1,1,5.290610871286412E-4,0.0,0.0
748789235717541888,1,1,5.290610871286412E-4,0.0,0.0
344707440,1,1,2.7768363769833866E-4,0.0,0.0
1205620178945372160,1,1,2.938444842548556E-4,0.0,0.0
38374195,1,1,3.6729693011516195E-4,0.0,0.0
860697332828045312,1,1,2.9334173479456E-4,0.0,0.0
1172539356361502720,2,2,4.6615887335368656E-4,63.0,0.0
832440069004918784,1,1,2.9425364379128565E-4,0.0,0.0
8835382,6,1,0.0017422922647297354,15.0,0.0
1115229709170814976,1,1,3.268558908617921E-4,0.0,0.0
35851325,1,1,5.290610871286412E-4,0.0,0.0
800049679903887360,1,1,5.290610871286412E-4,0.0,0.0
317625976,1,1,2.8978799587748265E-4,0.0,0.0
1199762422195601408,1,1,2.8836149460190365E-4,0.0,0.0
1205609718825263104,1,1,2.847425514507317E-4,0.0,0.0
1042764271552212992,4,1,0.0011118906011621489,39.0,0.0
763044924526825476,1,1,3.162877288058228E-4,0.0,0.0
949957487796645888,2,1,5.631578185356107E-4,18.0,0.0
741347459490848768,1,1,2.87270170425788E-4,0.0,0.0
156041132,1,1,2.8456465358915313E-4,0.0,0.0
1151414672936988672,1,1,2.876828616042104E-4,0.0,0.0
794383639236710400,1,1,2.7768363769833866E-4,0.0,0.0
250103509,1,1,2.880547773399579E-4,0.0,0.0
1169611415163998208,1,1,2.7637563890902257E-4,0.0,0.0
4765885723,1,1,2.7768363769833866E-4,0.0,0.0
2214721733,1,1,2.7768363769833866E-4,0.0,0.0
847625385399287808,1,1,2.878555894063434E-4,0.0,0.0
943923561512816640,1,1,3.470764104884771E-4,0.0,0.0
986725832625442816,1,1,2.566039686552402E-4,0.0,0.0
2931636908,1,1,2.957473991284305E-4,0.0,0.0
42242586,1,1,5.290610871286412E-4,0.0,0.0
14963343,1,1,5.290610871286412E-4,0.0,0.0
190670724,1,1,5.290610871286412E-4,0.0,0.0
60518078,1,1,5.290610871286412E-4,0.0,0.0
960240073617879040,2,1,5.88516369219697E-4,400.0,0.0
981089397742493697,2,1,5.402754553794759E-4,798.0,0.0
817167869993779204,1,1,2.7768363769833866E-4,0.0,0.0
136953019,4,1,0.0011970618479836027,9.0,0.0
946817562985328641,1,1,3.341109705655456E-4,0.0,0.0
1219404367,2,1,7.7170732264886E-4,1.0,0.0
265487642,1,1,4.0773796936853176E-4,0.0,0.0
1905502356,1,1,2.7768363769833866E-4,0.0,0.0
2273772217,1,1,2.7768363769833866E-4,0.0,0.0
1680592561,1,1,2.897853843152446E-4,0.0,0.0
1139496288779677702,1,1,2.87270170425788E-4,0.0,0.0
37092528,1,1,2.947004263774689E-4,0.0,0.0
2960418172,1,1,2.847425514507317E-4,0.0,0.0
3326899000,1,1,2.8456465358915313E-4,0.0,0.0
951112133894377472,2,1,7.7170732264886E-4,1.0,0.0
393905106,1,1,4.0773796936853176E-4,0.0,0.0
16707004,4,1,9.339721620550465E-4,4497.0,0.08333333333333333
335348201,1,1,2.775612025778695E-4,0.0,0.0
1048413436772794368,1,1,2.918279359099919E-4,0.0,0.0
1190523561363959808,1,1,2.8817546509824155E-4,0.0,0.0
1169261601569951744,1,1,2.9652511142176457E-4,0.0,0.0
948986308193550336,1,1,2.7768363769833866E-4,0.0,0.0
1055930895125938177,2,1,5.350747245760836E-4,132.0,0.0
168446862,1,1,3.3494409871246615E-4,0.0,0.0
1191442065386807297,1,1,2.706052992855072E-4,0.0,0.0
1103451206616150017,2,1,7.7170732264886E-4,1.0,0.0
1149346339442089984,1,1,4.0773796936853176E-4,0.0,0.0
1177634739508977666,1,1,2.897853843152446E-4,0.0,0.0
1105807896292614145,1,1,2.87270170425788E-4,0.0,0.0
253637278,1,1,2.8817546509824155E-4,0.0,0.0
2375157024,1,1,2.897853843152446E-4,0.0,0.0
1202607134476685312,1,1,2.938444842548556E-4,0.0,0.0
922601081535893505,1,1,2.7768363769833866E-4,0.0,0.0
1140816715930099712,1,1,5.290610871286412E-4,0.0,0.0
2309166019,1,1,5.290610871286412E-4,0.0,0.0
3862950393,1,1,2.87270170425788E-4,0.0,0.0
881516756736647168,1,1,2.9886144295997034E-4,0.0,0.0
731608385645318144,1,1,3.050799466484392E-4,0.0,0.0
1154794592509628417,1,1,2.918279359099919E-4,0.0,0.0
54527239,2,1,7.7170732264886E-4,1.0,0.0
336770336,1,1,4.0773796936853176E-4,0.0,0.0
16982413,1,1,5.290610871286412E-4,0.0,0.0
954455932234272770,1,1,5.290610871286412E-4,0.0,0.0
470922121,1,1,3.268558908617921E-4,0.0,0.0
141730029,1,1,2.8456465358915313E-4,0.0,0.0
4086159995,1,1,2.87270170425788E-4,0.0,0.0
1218197333164380160,1,1,2.7768363769833866E-4,0.0,0.0
1138444652556771334,1,1,2.9652511142176457E-4,0.0,0.0
1622219137,1,1,5.290610871286412E-4,0.0,0.0
2968459052,1,1,5.290610871286412E-4,0.0,0.0
202590356,1,1,2.8456465358915313E-4,0.0,0.0
1670200644,1,1,2.880547773399579E-4,0.0,0.0
1133411503737069569,1,1,2.897853843152446E-4,0.0,0.0
931946406,1,1,3.3494409871246615E-4,0.0,0.0
49180329,1,1,2.7768363769833866E-4,0.0,0.0
16738961,2,1,7.7170732264886E-4,1.0,0.0
559923107,1,1,4.0773796936853176E-4,0.0,0.0
728952668538830848,1,1,2.918148664384489E-4,0.0,0.0
1026418206,1,1,3.008685465253904E-4,0.0,0.0
702930045,1,1,2.918148664384489E-4,0.0,0.0
614204354,1,1,2.8456465358915313E-4,0.0,0.0
32580591,1,1,2.706052992855072E-4,0.0,0.0
38996670,1,1,2.957473991284305E-4,0.0,0.0
107663008,1,1,2.7768363769833866E-4,0.0,0.0
1214526682692014080,1,1,2.8836149460190365E-4,0.0,0.0
1163679354238296064,1,1,2.880547773399579E-4,0.0,0.0
543254812,2,2,4.4020522708886165E-4,85.99999999999977,0.0
1016389614230126592,1,1,2.847425514507317E-4,0.0,0.0
272179654,1,1,2.7768363769833866E-4,0.0,0.0
931358828,1,1,2.7768363769833866E-4,0.0,0.0
1187434931863068675,1,1,2.918148664384489E-4,0.0,0.0
1181126306928349184,1,1,2.880547773399579E-4,0.0,0.0
1180467632958402560,1,1,2.9652511142176457E-4,0.0,0.0
992027271442649088,9,1,0.0021422018013334426,5772.0,0.0
1036146690787618817,1,1,2.8215580587275354E-4,0.0,0.0
1208078390617616385,1,1,2.87270170425788E-4,0.0,0.0
3139370190,1,1,2.860490906038608E-4,0.0,0.0
1964708473,1,1,2.847425514507317E-4,0.0,0.0
991163993355059200,1,1,2.7768363769833866E-4,0.0,0.0
1138430798791684097,1,1,2.847425514507317E-4,0.0,0.0
824149480232644609,1,1,2.9334173479456E-4,0.0,0.0
1022108400828772353,1,1,2.7768363769833866E-4,0.0,0.0
1184536535690956800,1,1,2.880547773399579E-4,0.0,0.0
188713134,1,1,3.5534062986768773E-4,0.0,0.0
17424057,2,1,6.495407420854384E-4,3.0,0.0
784566226999767040,1,1,2.7768363769833866E-4,0.0,0.0
2590606506,1,1,2.8817546509824155E-4,0.0,0.0
1046074586,1,1,2.880547773399579E-4,0.0,0.0
823798354375118848,2,2,4.808080907542149E-4,199.0,0.0
1136749502537191424,1,1,2.8456465358915313E-4,0.0,0.0
1182324054503706624,4,1,0.0012569997936892978,6.0,0.0
839334989548302336,1,1,3.470764104884771E-4,0.0,0.0
1214518042279006210,1,1,5.290610871286412E-4,0.0,0.0
2409163399,1,1,5.290610871286412E-4,0.0,0.0
186116284,1,1,2.7637563890902257E-4,0.0,0.0
21842127,1,1,2.947004263774689E-4,0.0,0.0
1015300727546228737,1,1,2.897853843152446E-4,0.0,0.0
991234425785671680,1,1,2.7768363769833866E-4,0.0,0.0
791114183903358977,2,2,4.1984622569576056E-4,0.0,1.5
51834139,1,1,4.0773796936853176E-4,0.0,0.0
1127921588698013697,2,1,5.431503552348374E-4,70.0,0.0
338773372,1,1,2.8817546509824155E-4,0.0,0.0
146637044,1,1,5.290610871286412E-4,0.0,0.0
1221548727158104065,1,1,5.290610871286412E-4,0.0,0.0
88456817,1,1,2.8354144179812033E-4,0.0,0.0
266115514,6,1,0.0017422922647297354,15.0,0.0
353492948,1,1,3.268558908617921E-4,0.0,0.0
14182657,1,1,2.957473991284305E-4,0.0,0.0
2719515935,1,1,2.918279359099919E-4,0.0,0.0
1151329801736613888,1,1,2.906486734720603E-4,0.0,0.0
83973107,1,1,2.878555894063434E-4,0.0,0.0
997512408708067328,1,1,2.8456465358915313E-4,0.0,0.0
232559703,1,1,2.7768363769833866E-4,0.0,0.0
396918743,4,1,0.0010556205789699511,1.0,0.8333333333333334
793279657239908352,1,1,3.0391951290765075E-4,0.0,0.0
1029297243365548033,1,1,2.8215580587275354E-4,0.0,0.0
840554184126668801,1,1,2.87270170425788E-4,0.0,0.0
1186428343,1,1,5.290610871286412E-4,0.0,0.0
3476885714,1,1,5.290610871286412E-4,0.0,0.0
3286922574,1,1,2.8817546509824155E-4,0.0,0.0
1161014473001512960,1,1,3.050799466484392E-4,0.0,0.0
1072901866390982656,1,1,3.474981418901332E-4,0.0,0.0
385840654,1,1,2.880547773399579E-4,0.0,0.0
711659815043407872,1,1,2.876828616042104E-4,0.0,0.0
3366234974,1,1,4.0773796936853176E-4,0.0,0.0
22967520,1,1,2.7768363769833866E-4,0.0,0.0
811979067763236865,1,1,2.7768363769833866E-4,0.0,0.0
1115571496817238017,1,1,2.8978799587748265E-4,0.0,0.0
767924416332259328,2,1,7.7170732264886E-4,1.0,0.0
889817893843742720,1,1,4.0773796936853176E-4,0.0,0.0
598601483,4,1,0.0012569997936892978,6.0,0.0
1031749415206301696,1,1,3.470764104884771E-4,0.0,0.0
2476170958,1,1,3.3494409871246615E-4,0.0,0.0
2864018553,1,1,2.7637563890902257E-4,0.0,0.0
586700442,1,1,2.7768363769833866E-4,0.0,0.0
1011022390866972675,1,1,5.290610871286412E-4,0.0,0.0
1201649161323655169,1,1,5.290610871286412E-4,0.0,0.0
728426359005974528,1,1,2.706052992855072E-4,0.0,0.0
3154426618,1,1,3.268558908617921E-4,0.0,0.0
974997176077225984,1,1,3.268558908617921E-4,0.0,0.0
5793562,7,1,0.001984938500249955,21.0,0.0
1218197702783197186,1,1,3.2107859953988224E-4,0.0,0.0
1178452335309332484,2,1,4.961784066779748E-4,1131.0,0.0
1024320092379795456,1,1,5.290610871286412E-4,0.0,0.0
207533319,1,1,5.290610871286412E-4,0.0,0.0
1157802186551828480,1,1,2.87270170425788E-4,0.0,0.0
1110202813,1,1,3.162877288058228E-4,0.0,0.0
107192435,1,1,2.7768363769833866E-4,0.0,0.0
1207090704247402496,1,1,2.7768363769833866E-4,0.0,0.0
3358966273,1,1,2.969646879353884E-4,0.0,0.0
390009648,1,1,2.8456465358915313E-4,0.0,0.0
1151431086104297472,3,1,7.903590054345566E-4,799.0,0.0
281260988,1,1,3.0308548036702635E-4,0.0,0.0
824674335646482434,1,1,2.897853843152446E-4,0.0,0.0
1200385421101936640,2,1,5.233763757605445E-4,798.0,0.0
1189761933802520576,1,1,2.9425364379128565E-4,0.0,0.0
18939725,1,1,2.9886144295997034E-4,0.0,0.0
2800888368,1,1,2.8913017494629196E-4,0.0,0.0
817679968025055232,1,1,2.8456465358915313E-4,0.0,0.0
1220953910573248512,1,1,2.918148664384489E-4,0.0,0.0
916888176265895937,1,1,2.5091298845052515E-4,0.0,0.0
1168515297785069569,1,1,2.8913017494629196E-4,0.0,0.0
2305349144,1,1,2.87270170425788E-4,0.0,0.0
976632236,1,1,2.7768363769833866E-4,0.0,0.0
1167146579159109632,1,1,5.290610871286412E-4,0.0,0.0
886036812,1,1,5.290610871286412E-4,0.0,0.0
810136100912201728,1,1,2.880547773399579E-4,0.0,0.0
1110926672809721857,1,1,2.880547773399579E-4,0.0,0.0
893708946334023680,1,1,2.847425514507317E-4,0.0,0.0
1108548657274597376,1,1,3.341109705655456E-4,0.0,0.0
3371552926,1,1,2.8456465358915313E-4,0.0,0.0
1039936018366058499,1,1,2.918279359099919E-4,0.0,0.0
811476716707344384,1,1,2.897853843152446E-4,0.0,0.0
1054442588227350528,1,1,5.290610871286412E-4,0.0,0.0
828068220,1,1,5.290610871286412E-4,0.0,0.0
742787815679856644,1,1,2.8817546509824155E-4,0.0,0.0
518101399,3,1,0.0010143535581690788,3.0,0.0
816998886032207872,1,1,3.6729693011516195E-4,0.0,0.0
791448014816677888,1,1,2.918279359099919E-4,0.0,0.0
549164087,1,1,2.87270170425788E-4,0.0,0.0
238222784,2,1,5.435572772379971E-4,32.0,0.0
312091893,1,1,2.878555894063434E-4,0.0,0.0
106608382,1,1,2.847425514507317E-4,0.0,0.0
1222931067226742788,1,1,2.918148664384489E-4,0.0,0.0
1221022446616285184,1,1,3.6729693011516195E-4,0.0,0.0
1129297389125230592,1,1,2.706052992855072E-4,0.0,0.0
495360584,1,1,2.9886144295997034E-4,0.0,0.0
185005530,1,1,2.9652511142176457E-4,0.0,0.0
1162320281475719169,1,1,2.87270170425788E-4,0.0,0.0
267351728,1,1,3.268558908617921E-4,0.0,0.0
1182287349247614981,2,1,7.7170732264886E-4,1.0,0.0
331164952,1,1,4.0773796936853176E-4,0.0,0.0
2754213384,1,1,2.880547773399579E-4,0.0,0.0
1142905753004625921,1,1,3.470764104884771E-4,0.0,0.0
2612252756,1,1,2.87270170425788E-4,0.0,0.0
840029179257196544,1,1,2.880547773399579E-4,0.0,0.0
4598594969,1,1,2.847425514507317E-4,0.0,0.0
77316818,1,1,2.8817546509824155E-4,0.0,0.0
411423447,1,1,2.87270170425788E-4,0.0,0.0
926586493644128256,1,1,2.938444842548556E-4,0.0,0.0
34557093,1,1,2.880547773399579E-4,0.0,0.0
86241025,1,1,2.906486734720603E-4,0.0,0.0
1156190869642498048,1,1,2.938444842548556E-4,0.0,0.0
1165665046896070656,1,1,2.880547773399579E-4,0.0,0.0
2938947129,1,1,2.847425514507317E-4,0.0,0.0
4866412145,2,1,5.375517418869772E-4,44.0,0.0
15142117,1,1,2.7768363769833866E-4,0.0,0.0
3236642367,1,1,3.050799466484392E-4,0.0,0.0
245384322,1,1,2.8215580587275354E-4,0.0,0.0
2836578927,1,1,2.847425514507317E-4,0.0,0.0
26130205,1,1,2.8456465358915313E-4,0.0,0.0
1042205826956632065,1,1,2.938444842548556E-4,0.0,0.0
908998823258685440,1,1,2.880547773399579E-4,0.0,0.0
917849072093892608,1,1,2.847425514507317E-4,0.0,0.0
892796790008950793,1,1,2.87270170425788E-4,0.0,0.0
343052864,1,1,2.847425514507317E-4,0.0,0.0
4149004933,1,1,2.880547773399579E-4,0.0,0.0
957070498839478273,1,1,2.8913017494629196E-4,0.0,0.0
269492462,1,1,2.7768363769833866E-4,0.0,0.0
234694335,1,1,2.847425514507317E-4,0.0,0.0
962144383775764480,1,1,2.706052992855072E-4,0.0,0.0
185980279,1,1,2.880547773399579E-4,0.0,0.0
42808386,1,1,2.706052992855072E-4,0.0,0.0
3296864433,1,1,2.8978799587748265E-4,0.0,0.0
1186414603418460161,1,1,2.880547773399579E-4,0.0,0.0
1031053163481026561,1,1,2.7768363769833866E-4,0.0,0.0
1162741950212034572,1,1,2.7768363769833866E-4,0.0,0.0
1267564375,1,1,2.957473991284305E-4,0.0,0.0
418028983,3,1,0.0010143535581690788,3.0,0.0
976907294,1,1,3.6729693011516195E-4,0.0,0.0
954350828940414976,1,1,2.706052992855072E-4,0.0,0.0
1178914667919339520,1,1,2.880547773399579E-4,0.0,0.0
131556377,1,1,2.8817546509824155E-4,0.0,0.0
467207238,1,1,3.6729693011516195E-4,0.0,0.0
939182810417520640,1,1,2.860490906038608E-4,0.0,0.0
1217836040251199488,1,1,2.8456465358915313E-4,0.0,0.0
1100092806759178242,1,1,2.918279359099919E-4,0.0,0.0
430217710,1,1,2.897853843152446E-4,0.0,0.0
85605181,1,1,5.290610871286412E-4,0.0,0.0
3301928320,1,1,5.290610871286412E-4,0.0,0.0
1081528420201365504,2,1,7.7170732264886E-4,1.0,0.0
936961586740174848,1,1,4.0773796936853176E-4,0.0,0.0
749552841623212033,1,1,2.87270170425788E-4,0.0,0.0
1027039514550665216,1,1,2.7768363769833866E-4,0.0,0.0
1510415245,1,1,2.7768363769833866E-4,0.0,0.0
996043120570757121,1,1,2.7768363769833866E-4,0.0,0.0
1213084474767863808,1,1,2.87270170425788E-4,0.0,0.0
2670435529,1,1,2.7768363769833866E-4,0.0,0.0
1009956280830750720,1,1,2.7768363769833866E-4,0.0,0.0
1915404506,1,1,2.9334173479456E-4,0.0,0.0
850501811165425664,1,1,3.268558908617921E-4,0.0,0.0
1096332270414241792,1,1,2.876828616042104E-4,0.0,0.0
46723270,1,1,2.87270170425788E-4,0.0,0.0
45175883,2,1,7.7170732264886E-4,1.0,0.0
87849759,1,1,4.0773796936853176E-4,0.0,0.0
747085159858483200,1,1,2.906486734720603E-4,0.0,0.0
3245467844,1,1,2.969646879353884E-4,0.0,0.0
718148032815038465,1,1,2.969646879353884E-4,0.0,0.0
4615453154,1,1,3.268558908617921E-4,0.0,0.0
920621902988791810,1,1,3.0672732068296523E-4,0.0,0.0
268233258,1,1,2.7768363769833866E-4,0.0,0.0
1327675928,1,1,2.87270170425788E-4,0.0,0.0
29547555,1,1,2.918279359099919E-4,0.0,0.0
98974716,1,1,2.7768363769833866E-4,0.0,0.0
3038695929,1,1,2.847425514507317E-4,0.0,0.0
981843302432608257,1,1,3.008685465253904E-4,0.0,0.0
2857343638,1,1,2.8456465358915313E-4,0.0,0.0
2189918461,1,1,2.906486734720603E-4,0.0,0.0
127783477,1,1,3.075457890380963E-4,0.0,0.0
363199891,1,1,2.880547773399579E-4,0.0,0.0
430062449,1,1,2.880547773399579E-4,0.0,0.0
898654188015636480,1,1,2.847425514507317E-4,0.0,0.0
947466054669864960,1,1,2.918279359099919E-4,0.0,0.0
1196424504580247552,1,1,2.9652511142176457E-4,0.0,0.0
183719899,1,1,5.290610871286412E-4,0.0,0.0
4854617415,1,1,5.290610871286412E-4,0.0,0.0
161208485,3,1,0.0010143535581690788,3.0,0.0
605591235,1,1,3.6729693011516195E-4,0.0,0.0
1216259319852752896,1,1,2.860490906038608E-4,0.0,0.0
130743591,1,1,2.7768363769833866E-4,0.0,0.0
1389666344,1,1,3.3494409871246615E-4,0.0,0.0
753946640,1,1,2.87270170425788E-4,0.0,0.0
283760181,1,1,3.2107859953988224E-4,0.0,0.0
1160875269923753984,1,1,2.938444842548556E-4,0.0,0.0
3300240578,1,1,2.860490906038608E-4,0.0,0.0
1200440535942496256,1,1,2.7768363769833866E-4,0.0,0.0
4009834565,1,1,5.290610871286412E-4,0.0,0.0
1213015344131870722,1,1,5.290610871286412E-4,0.0,0.0
493753728,1,1,2.957473991284305E-4,0.0,0.0
868164088635039744,1,1,2.918148664384489E-4,0.0,0.0
467949357,1,1,2.847425514507317E-4,0.0,0.0
875002685476540418,1,1,2.9334173479456E-4,0.0,0.0
2550696774,1,1,5.290610871286412E-4,0.0,0.0
2811005072,1,1,5.290610871286412E-4,0.0,0.0
981922350294806528,1,1,2.876828616042104E-4,0.0,0.0
1037749060462104576,1,1,2.7637563890902257E-4,0.0,0.0
79497923,3,1,8.543257643907836E-4,14.0,0.0
2693013240,1,1,2.8836149460190365E-4,0.0,0.0
1165524430409236481,1,1,2.7768363769833866E-4,0.0,0.0
701797092814094336,2,1,7.7170732264886E-4,1.0,0.0
475221420,1,1,4.0773796936853176E-4,0.0,0.0
155657780,1,1,3.0847360029207866E-4,0.0,0.0
177999503,1,1,2.876828616042104E-4,0.0,0.0
2442725460,2,1,7.7170732264886E-4,1.0,0.0
1641608546,1,1,4.0773796936853176E-4,0.0,0.0
1182980391491133442,1,1,2.9652511142176457E-4,0.0,0.0
1211022561682673666,1,1,2.7768363769833866E-4,0.0,0.0
3222623040,1,1,2.87270170425788E-4,0.0,0.0
3151156730,1,1,3.2107859953988224E-4,0.0,0.0
3395552014,1,1,2.9886144295997034E-4,0.0,0.0
251656684,1,1,2.847425514507317E-4,0.0,0.0
15842810,1,1,2.880547773399579E-4,0.0,0.0
28768235,7,1,0.001984938500249955,21.0,0.0
1035299824856313857,1,1,3.2107859953988224E-4,0.0,0.0
3422289058,1,1,3.6729693011516195E-4,0.0,0.0
3305615771,1,1,5.290610871286412E-4,0.0,0.0
3300913889,1,1,5.290610871286412E-4,0.0,0.0
739994344774475776,1,1,2.706052992855072E-4,0.0,0.0
1361415758,1,1,2.847425514507317E-4,0.0,0.0
1057756811351207936,1,1,4.0773796936853176E-4,0.0,0.0
1168564200869748737,1,1,2.8456465358915313E-4,0.0,0.0
1123425559437029376,1,1,3.470764104884771E-4,0.0,0.0
1321671631,1,1,2.847425514507317E-4,0.0,0.0
717638317,1,1,2.906486734720603E-4,0.0,0.0
1179778978372030464,2,1,5.514123397710232E-4,149.0,0.5
1160872078716932096,1,1,5.290610871286412E-4,0.0,0.0
4228860996,1,1,5.290610871286412E-4,0.0,0.0
4282987814,3,1,0.0010143535581690788,3.0,0.0
1325337348,1,1,3.6729693011516195E-4,0.0,0.0
1222931713493352448,1,1,2.918148664384489E-4,0.0,0.0
2527738740,1,1,2.847425514507317E-4,0.0,0.0
2573512140,1,1,2.7768363769833866E-4,0.0,0.0
441794508,1,1,2.8913017494629196E-4,0.0,0.0
2673444552,1,1,2.706052992855072E-4,0.0,0.0
56320189,1,1,2.982799399467377E-4,0.0,0.0
1208096953747292162,1,1,2.847425514507317E-4,0.0,0.0
1889021912,2,2,4.489920927046278E-4,413.11111111111273,0.5
283461775,1,1,2.7768363769833866E-4,0.0,0.0
1178234170117672961,1,1,2.951218241484356E-4,0.0,0.0
1094165830101880832,3,1,8.438083247490987E-4,237.0,0.0
19293656,1,1,3.1919253269463297E-4,0.0,0.0
720280075866779648,1,1,2.951218241484356E-4,0.0,0.0
1205137992462954497,1,1,2.880547773399579E-4,0.0,0.0
246172560,1,1,3.268558908617921E-4,0.0,0.0
33399399,1,1,2.7768363769833866E-4,0.0,0.0
877286782836101120,1,1,2.847425514507317E-4,0.0,0.0
4885405884,1,1,3.0314809072673986E-4,0.0,0.0
820309949565714432,6,1,0.0016921182490930813,20.0,0.0
823331553308803073,1,1,3.1957551999327836E-4,0.0,0.0
93265000,1,1,2.9909851316296235E-4,0.0,0.0
75581856,1,1,2.706052992855072E-4,0.0,0.0
1077924007792406529,1,1,2.8817546509824155E-4,0.0,0.0
848766606272471040,1,1,2.7768363769833866E-4,0.0,0.0
1061895715985731584,1,1,2.880547773399579E-4,0.0,0.0
43838991,1,1,3.050799466484392E-4,0.0,0.0
4837293337,1,1,2.706052992855072E-4,0.0,0.0
1110674310950199296,1,1,2.8978799587748265E-4,0.0,0.0
1220113658010853383,1,1,2.897853843152446E-4,0.0,0.0
350402091,1,1,2.918279359099919E-4,0.0,0.0
1147178361745264640,1,1,2.7768363769833866E-4,0.0,0.0
816917960493178880,1,1,3.062172595156005E-4,0.0,0.0
920420595996733440,1,1,2.7768363769833866E-4,0.0,0.0
136332449,1,1,3.0314809072673986E-4,0.0,0.0
1023196198537232386,1,1,5.290610871286412E-4,0.0,0.0
278809527,1,1,5.290610871286412E-4,0.0,0.0
1048202298881728513,1,1,3.268558908617921E-4,0.0,0.0
366710055,1,1,2.8836149460190365E-4,0.0,0.0
1204785299659866114,1,1,2.7768363769833866E-4,0.0,0.0
340309529,1,1,2.8456465358915313E-4,0.0,0.0
827162733044912128,1,1,2.8456465358915313E-4,0.0,0.0
1188256001876561921,1,1,2.847425514507317E-4,0.0,0.0
260676166,2,0,5.480911799652283E-4,0.0,0.0
1167432392782430209,1,1,2.7768363769833866E-4,0.0,0.0
3232683101,2,1,7.7170732264886E-4,1.0,0.0
3343054667,1,1,4.0773796936853176E-4,0.0,0.0
1161389140581265408,1,1,2.847425514507317E-4,0.0,0.0
938115297382412288,1,1,4.0773796936853176E-4,0.0,0.0
197500327,1,1,2.880547773399579E-4,0.0,0.0
2981952473,1,1,2.87270170425788E-4,0.0,0.0
264359201,2,1,6.08528389132752E-4,6.0,0.0
1091524270881046528,1,1,2.7768363769833866E-4,0.0,0.0
735938138183458816,1,1,2.847425514507317E-4,0.0,0.0
2538730972,1,1,2.87270170425788E-4,0.0,0.0
24568065,1,1,2.7768363769833866E-4,0.0,0.0
1066099593945985025,1,1,3.2107859953988224E-4,0.0,0.0
1169351226674176000,1,1,2.860490906038608E-4,0.0,0.0
2313487754,1,1,2.8836149460190365E-4,0.0,0.0
2494475592,2,2,4.8783703319990054E-4,1.0,0.0
1222292220126093314,1,1,2.7768363769833866E-4,0.0,0.0
324985853,1,1,2.918279359099919E-4,0.0,0.0
1096559274606551040,1,1,2.918148664384489E-4,0.0,0.0
3848291241,1,1,2.7768363769833866E-4,0.0,0.0
561251648,1,1,2.8456465358915313E-4,0.0,0.0
47883217,1,1,2.876828616042104E-4,0.0,0.0
1003683294502891526,1,1,2.847425514507317E-4,0.0,0.0
297907514,1,1,2.897853843152446E-4,0.0,0.0
1065879666,1,1,2.87270170425788E-4,0.0,0.0
844035432568434689,1,1,2.7768363769833866E-4,0.0,0.0
285002098,1,1,2.8978799587748265E-4,0.0,0.0
911949868343607296,1,1,2.8973384951835006E-4,0.0,0.0
842255987201445888,1,1,2.969646879353884E-4,0.0,0.0
946674980,1,1,2.847425514507317E-4,0.0,0.0
1085409898328928256,1,1,2.938444842548556E-4,0.0,0.0
137766072,1,1,2.876828616042104E-4,0.0,0.0
2798432052,1,1,2.8817546509824155E-4,0.0,0.0
765337693408468992,1,1,3.062172595156005E-4,0.0,0.0
1108054943645212674,1,1,2.87270170425788E-4,0.0,0.0
784536925751373825,1,1,2.7768363769833866E-4,0.0,0.0
556551072,1,1,2.7768363769833866E-4,0.0,0.0
36132121,1,1,3.0847360029207866E-4,0.0,0.0
102061187,1,1,2.938444842548556E-4,0.0,0.0
164685610,1,1,3.470764104884771E-4,0.0,0.0
94154580,1,1,5.290610871286412E-4,0.0,0.0
2980782047,1,1,5.290610871286412E-4,0.0,0.0
883634756,1,1,2.8817546509824155E-4,0.0,0.0
556224566,1,1,2.847425514507317E-4,0.0,0.0
242396024,1,1,2.87270170425788E-4,0.0,0.0
93171186,1,1,2.906486734720603E-4,0.0,0.0
1048639075278893056,1,1,2.87270170425788E-4,0.0,0.0
1069213171112644608,1,1,5.290610871286412E-4,0.0,0.0
1101770699948126210,1,1,5.290610871286412E-4,0.0,0.0
427366060,1,1,3.6729693011516195E-4,0.0,0.0
67616151,1,1,5.290610871286412E-4,0.0,0.0
743439864171995136,1,1,5.290610871286412E-4,0.0,0.0
384774896,1,1,3.0570328236209665E-4,0.0,0.0
724752040057028608,1,1,2.7768363769833866E-4,0.0,0.0
1115309847778615297,1,1,2.706052992855072E-4,0.0,0.0
1119306567315329026,1,1,2.847425514507317E-4,0.0,0.0
925030944213491712,1,1,2.7768363769833866E-4,0.0,0.0
14409920,1,1,2.8456465358915313E-4,0.0,0.0
1103706905518714881,1,1,2.8836149460190365E-4,0.0,0.0
228736760,1,1,2.7768363769833866E-4,0.0,0.0
888058036547440640,1,1,3.446395392086082E-4,0.0,0.0
836318685262381058,1,1,2.8456465358915313E-4,0.0,0.0
927290672553500672,3,1,0.0010143535581690788,3.0,0.0
1112241918447017984,1,1,3.6729693011516195E-4,0.0,0.0
2608067305,1,1,2.87270170425788E-4,0.0,0.0
2228841930,1,1,2.87270170425788E-4,0.0,0.0
2558597661,1,1,2.876828616042104E-4,0.0,0.0
910586279871614977,1,1,2.7768363769833866E-4,0.0,0.0
14082911,1,1,2.8239751086072166E-4,0.0,0.0
846809034250506240,1,1,3.6729693011516195E-4,0.0,0.0
2606569491,1,1,2.7768363769833866E-4,0.0,0.0
3035205392,1,1,2.7768363769833866E-4,0.0,0.0
2178643486,1,1,3.3494409871246615E-4,0.0,0.0
56119890,1,1,3.2107859953988224E-4,0.0,0.0
1201520235033051136,1,1,5.290610871286412E-4,0.0,0.0
3141149600,1,1,5.290610871286412E-4,0.0,0.0
3277884470,1,1,2.8817546509824155E-4,0.0,0.0
704000563709550592,1,1,2.876828616042104E-4,0.0,0.0
21673827,3,1,0.0010143535581690788,3.0,0.0
295717111,1,1,3.6729693011516195E-4,0.0,0.0
1006404738445742080,2,1,4.966257089939635E-4,6715.0,0.0
1084130202916175872,1,1,2.7768363769833866E-4,0.0,0.0
880953723958284288,1,1,2.9909851316296235E-4,0.0,0.0
2704092630,1,1,3.3494409871246615E-4,0.0,0.0
438864508,1,1,2.7768363769833866E-4,0.0,0.0
1063381331084812294,1,1,3.0391951290765075E-4,0.0,0.0
992852624830554112,2,1,5.902180941460309E-4,36.0,0.0
338489470,1,1,2.8456465358915313E-4,0.0,0.0
981557586741866497,1,1,2.847425514507317E-4,0.0,0.0
838482884398891008,1,1,2.8817546509824155E-4,0.0,0.0
84156832,1,1,3.6729693011516195E-4,0.0,0.0
992557799577079810,1,1,2.880547773399579E-4,0.0,0.0
1039577556,1,1,2.880547773399579E-4,0.0,0.0
1329766236,1,1,2.957473991284305E-4,0.0,0.0
1038930296807333896,1,1,3.268558908617921E-4,0.0,0.0
1202464216181026816,1,1,2.7637563890902257E-4,0.0,0.0
925082403944718336,1,1,2.957473991284305E-4,0.0,0.0
66126175,1,1,2.957473991284305E-4,0.0,0.0
1196298845614985216,2,2,4.548542493037343E-4,0.0,2.0
850136280000331776,1,1,3.3494409871246615E-4,0.0,0.0
1022567660972924928,1,1,2.7768363769833866E-4,0.0,0.0
1191374677186433025,2,1,7.7170732264886E-4,1.0,0.0
1107101392211243009,1,1,4.0773796936853176E-4,0.0,0.0
241103080,1,1,2.7768363769833866E-4,0.0,0.0
1159073503267758080,1,1,2.7637563890902257E-4,0.0,0.0
1220485218408288257,1,1,3.3494409871246615E-4,0.0,0.0
1203488502358388737,1,1,2.8973384951835006E-4,0.0,0.0
609621477,1,1,2.7768363769833866E-4,0.0,0.0
225964618,1,1,3.0308548036702635E-4,0.0,0.0
1473209256,1,1,2.918148664384489E-4,0.0,0.0
805873007168208896,1,1,2.969646879353884E-4,0.0,0.0
826451330847952897,1,1,3.3494409871246615E-4,0.0,0.0
49239992,1,1,2.918148664384489E-4,0.0,0.0
1057586137076826113,1,1,2.8817546509824155E-4,0.0,0.0
3380780577,1,1,2.7768363769833866E-4,0.0,0.0
1156478024012967936,2,1,7.7170732264886E-4,1.0,0.0
1174281097103978496,1,1,4.0773796936853176E-4,0.0,0.0
15286685,1,1,2.876828616042104E-4,0.0,0.0
702175516959367172,1,1,2.918148664384489E-4,0.0,0.0
838293705907916800,1,1,2.706052992855072E-4,0.0,0.0
2446868293,1,1,2.9652511142176457E-4,0.0,0.0
1142319566434947072,1,1,2.9652511142176457E-4,0.0,0.0
69163320,2,2,4.854156888942563E-4,199.5,0.0
789628995709104128,1,1,2.860490906038608E-4,0.0,0.0
1207012674854363136,2,2,4.6868440353960985E-4,0.0,1.5
1189528868454981633,1,1,2.7768363769833866E-4,0.0,0.0
163937561,1,1,3.0570328236209665E-4,0.0,0.0
792421759228215296,1,1,2.87270170425788E-4,0.0,0.0
1195864814733680641,1,1,2.918279359099919E-4,0.0,0.0
1204160887210336256,1,1,2.8817546509824155E-4,0.0,0.0
786773996360589312,1,1,2.8817546509824155E-4,0.0,0.0
519983462,1,1,2.897853843152446E-4,0.0,0.0
729869871484260353,1,1,2.8456465358915313E-4,0.0,0.0
1122925318631825410,1,1,2.876828616042104E-4,0.0,0.0
792833417104748544,1,1,2.87270170425788E-4,0.0,0.0
1142996754,2,2,4.7208381773090316E-4,0.0,1.5
1118921804,4,2,9.487321235542079E-4,799.0,0.25
992755591339798528,1,1,3.2107859953988224E-4,0.0,0.0
1200427543561723904,1,1,2.8978799587748265E-4,0.0,0.0
135922295,5,1,0.0012173173571057266,263.0,0.5833333333333334
1216541381713248259,1,1,2.865873181632381E-4,0.0,0.0
749891725712363520,1,1,3.470764104884771E-4,0.0,0.0
1172475064870027264,1,1,3.268558908617921E-4,0.0,0.0
120954756,1,1,2.918148664384489E-4,0.0,0.0
1081035577783332866,1,1,2.7768363769833866E-4,0.0,0.0
1130572639104393217,1,1,2.880547773399579E-4,0.0,0.0
327469405,1,1,2.918279359099919E-4,0.0,0.0
39529517,1,1,3.028555683282506E-4,0.0,0.0
551333296,1,1,3.028555683282506E-4,0.0,0.0
3679563919,1,1,2.906486734720603E-4,0.0,0.0
1156604621604970496,1,1,4.0773796936853176E-4,0.0,0.0
879410341742071809,1,1,2.847425514507317E-4,0.0,0.0
1210028746889191425,1,1,2.880547773399579E-4,0.0,0.0
631332558,1,1,2.8817546509824155E-4,0.0,0.0
1311298608,1,1,2.8836149460190365E-4,0.0,0.0
1220345136955252737,1,1,3.2107859953988224E-4,0.0,0.0
395045176,1,1,2.880547773399579E-4,0.0,0.0
1191068210759708672,1,1,2.87270170425788E-4,0.0,0.0
850457504303783940,1,1,3.008685465253904E-4,0.0,0.0
15787224,1,1,2.8456465358915313E-4,0.0,0.0
1341686353,1,1,5.290610871286412E-4,0.0,0.0
809775844264710144,1,1,5.290610871286412E-4,0.0,0.0
2861176607,1,1,2.87270170425788E-4,0.0,0.0
1135259298,1,1,2.87270170425788E-4,0.0,0.0
1135888393127120897,1,1,2.8456465358915313E-4,0.0,0.0
758782719832666112,1,1,3.6729693011516195E-4,0.0,0.0
39002436,1,1,2.847425514507317E-4,0.0,0.0
1051896098837618689,1,1,2.7768363769833866E-4,0.0,0.0
133723974,1,1,2.8456465358915313E-4,0.0,0.0
31691220,1,1,2.8836149460190365E-4,0.0,0.0
825063774100955136,1,1,2.8817546509824155E-4,0.0,0.0
891991,1,1,2.957473991284305E-4,0.0,0.0
401489459,1,1,2.8456465358915313E-4,0.0,0.0
952305403769081856,1,1,5.290610871286412E-4,0.0,0.0
3435896139,1,1,5.290610871286412E-4,0.0,0.0
446502819,1,1,2.7768363769833866E-4,0.0,0.0
1160775618,1,1,2.706052992855072E-4,0.0,0.0
1206353655223537664,1,1,2.860490906038608E-4,0.0,0.0
1578747504,1,1,2.897853843152446E-4,0.0,0.0
3350743408,1,1,2.87270170425788E-4,0.0,0.0
1192776018756546562,1,1,2.969646879353884E-4,0.0,0.0
1171523673481629696,2,1,7.7170732264886E-4,1.0,0.0
726065930455908353,1,1,4.0773796936853176E-4,0.0,0.0
878002415865384960,1,1,2.87270170425788E-4,0.0,0.0
700046125,1,1,2.7768363769833866E-4,0.0,0.0
44444289,1,1,4.0773796936853176E-4,0.0,0.0
608573911,1,1,3.028555683282506E-4,0.0,0.0
818058121,1,1,2.7768363769833866E-4,0.0,0.0
4714148356,1,1,2.8456465358915313E-4,0.0,0.0
1093519191662051328,1,1,2.9425364379128565E-4,0.0,0.0
1126195812768395264,1,1,2.7768363769833866E-4,0.0,0.0
1161313251067645952,1,1,2.7768363769833866E-4,0.0,0.0
927209036029878272,1,1,2.74727417179088E-4,0.0,0.0
809974521746911232,1,1,2.7768363769833866E-4,0.0,0.0
1001650307523231746,1,1,2.880547773399579E-4,0.0,0.0
1184625773623336962,1,1,3.6729693011516195E-4,0.0,0.0
1187654334730948608,1,1,2.897853843152446E-4,0.0,0.0
1103541456759709696,1,1,2.8386429691228257E-4,0.0,0.0
1083848513115566080,1,1,2.7768363769833866E-4,0.0,0.0
13159862,1,1,3.6729693011516195E-4,0.0,0.0
14489933,1,1,2.8817546509824155E-4,0.0,0.0
855986678,1,1,2.8215580587275354E-4,0.0,0.0
942126143980933120,3,1,7.496870642481958E-4,1409.0,0.0
2662822404,2,1,7.7170732264886E-4,1.0,0.0
982992841021575169,1,1,4.0773796936853176E-4,0.0,0.0
79466939,1,1,2.8456465358915313E-4,0.0,0.0
1068977662457257985,1,1,2.87270170425788E-4,0.0,0.0
33191848,1,1,2.8817546509824155E-4,0.0,0.0
1206133560131780609,1,1,2.7768363769833866E-4,0.0,0.0
33520863,1,1,2.87270170425788E-4,0.0,0.0
2186282686,1,1,2.87270170425788E-4,0.0,0.0
3409283601,1,1,2.9652511142176457E-4,0.0,0.0
31754107,1,1,2.7768363769833866E-4,0.0,0.0
2611129269,1,1,2.87270170425788E-4,0.0,0.0
1161312674480885760,1,1,2.938444842548556E-4,0.0,0.0
745285849068232704,1,1,2.7768363769833866E-4,0.0,0.0
341020028,1,1,3.1957551999327836E-4,0.0,0.0
595024951,1,1,2.87270170425788E-4,0.0,0.0
23107041,1,1,5.290610871286412E-4,0.0,0.0
227715360,1,1,5.290610871286412E-4,0.0,0.0
885090810,1,1,2.7768363769833866E-4,0.0,0.0
1022092161762951170,1,1,2.7768363769833866E-4,0.0,0.0
949040731766829056,1,1,2.918279359099919E-4,0.0,0.0
28060265,1,1,2.706052992855072E-4,0.0,0.0
881137693748477952,1,1,2.9652511142176457E-4,0.0,0.0
1164786873429970944,1,1,2.880547773399579E-4,0.0,0.0
1381521512,1,1,2.8913017494629196E-4,0.0,0.0
1209412100445134849,1,1,2.847425514507317E-4,0.0,0.0
1097301546549694465,1,1,3.268558908617921E-4,0.0,0.0
1741652718,1,1,2.938444842548556E-4,0.0,0.0
77870937,1,1,3.028555683282506E-4,0.0,0.0
76007500,1,1,2.957473991284305E-4,0.0,0.0
769633376944861184,2,1,5.775184221403971E-4,400.0,0.0
308789827,1,1,2.8817546509824155E-4,0.0,0.0
947193712324567041,6,1,0.0017422922647297354,15.0,0.0
884452484357509120,1,1,3.268558908617921E-4,0.0,0.0
43730427,1,1,2.87270170425788E-4,0.0,0.0
1147598862145728512,1,1,3.470764104884771E-4,0.0,0.0
928287597192994817,1,1,3.2107859953988224E-4,0.0,0.0
832541698815299584,1,1,2.876828616042104E-4,0.0,0.0
2234897549,1,1,2.880547773399579E-4,0.0,0.0
94804582,1,1,2.906486734720603E-4,0.0,0.0
2269957598,2,2,4.4020522708886165E-4,85.99999999999977,0.0
633580141,1,1,3.268558908617921E-4,0.0,0.0
64084022,1,1,3.2107859953988224E-4,0.0,0.0
340482968,1,1,3.1957551999327836E-4,0.0,0.0
49464220,1,1,5.290610871286412E-4,0.0,0.0
1002330688857632769,1,1,5.290610871286412E-4,0.0,0.0
3121975430,1,1,5.290610871286412E-4,0.0,0.0
1110545565794873344,1,1,5.290610871286412E-4,0.0,0.0
1125999388315152384,1,1,2.7768363769833866E-4,0.0,0.0
3892577853,1,1,2.87270170425788E-4,0.0,0.0
80173790,2,1,5.02216848300622E-4,1400.0,0.0
247174973,1,1,3.6729693011516195E-4,0.0,0.0
848527946134540288,2,1,5.048064249370679E-4,1980.0,0.0
2217860979,1,1,2.876828616042104E-4,0.0,0.0
818178361965105152,1,1,2.7768363769833866E-4,0.0,0.0
727503477966950401,1,1,2.7768363769833866E-4,0.0,0.0
30257015,1,1,2.706052992855072E-4,0.0,0.0
118958379,1,1,2.8456465358915313E-4,0.0,0.0
972320856,1,1,3.470764104884771E-4,0.0,0.0
4235865260,1,1,3.1745852832013645E-4,0.0,0.0
747491433658060800,1,1,5.290610871286412E-4,0.0,0.0
1113669446877372419,1,1,5.290610871286412E-4,0.0,0.0
888577173254164480,1,1,2.8456465358915313E-4,0.0,0.0
1172626931801395200,1,1,4.0773796936853176E-4,0.0,0.0
708908492359225345,1,1,4.0773796936853176E-4,0.0,0.0
1093211117697097729,1,1,2.7768363769833866E-4,0.0,0.0
951317370907209728,1,1,2.7768363769833866E-4,0.0,0.0
1431964465,1,1,2.7768363769833866E-4,0.0,0.0
958315242865463296,1,1,2.8913017494629196E-4,0.0,0.0
631484053,1,1,2.847425514507317E-4,0.0,0.0
39008943,1,1,5.290610871286412E-4,0.0,0.0
1324250802,1,1,5.290610871286412E-4,0.0,0.0
39084128,1,1,3.2107859953988224E-4,0.0,0.0
1022666976,1,1,2.847425514507317E-4,0.0,0.0
1050937658,1,1,2.74727417179088E-4,0.0,0.0
1036573297041915904,1,1,2.847425514507317E-4,0.0,0.0
534198980,1,1,2.897853843152446E-4,0.0,0.0
137908170,1,1,2.918148664384489E-4,0.0,0.0
4195481594,1,1,3.050799466484392E-4,0.0,0.0
3872265453,1,1,2.897853843152446E-4,0.0,0.0
1102118087460089857,1,1,2.8836149460190365E-4,0.0,0.0
2958157228,1,1,2.7637563890902257E-4,0.0,0.0
2535751839,1,1,3.008685465253904E-4,0.0,0.0
311779860,1,1,2.880547773399579E-4,0.0,0.0
836311658,1,1,2.87270170425788E-4,0.0,0.0
1152177506344198144,1,1,4.0773796936853176E-4,0.0,0.0
15123399,1,1,5.290610871286412E-4,0.0,0.0
67590212,1,1,5.290610871286412E-4,0.0,0.0
809775760219090945,1,1,2.8817546509824155E-4,0.0,0.0
1036054457744805889,1,1,3.062172595156005E-4,0.0,0.0
54384777,1,1,2.775612025778695E-4,0.0,0.0
816287078296088576,1,1,3.268558908617921E-4,0.0,0.0
1122967630435049472,1,1,2.8978799587748265E-4,0.0,0.0
1188253005650550784,1,1,2.7637563890902257E-4,0.0,0.0
455449843,1,1,3.0847360029207866E-4,0.0,0.0
188269650,1,1,5.290610871286412E-4,0.0,0.0
45017343,1,1,5.290610871286412E-4,0.0,0.0
775698768788348929,1,1,2.8817546509824155E-4,0.0,0.0
1170498368604463104,1,1,3.365888672450767E-4,0.0,0.0
1117808112252092416,2,1,6.0590398072458E-4,6.0,0.0
1652416692,1,1,2.880547773399579E-4,0.0,0.0
1713876973,1,1,2.74727417179088E-4,0.0,0.0
789492553070604288,1,1,2.87270170425788E-4,0.0,0.0
1213176607663222785,1,1,5.290610871286412E-4,0.0,0.0
890981599420051456,1,1,5.290610871286412E-4,0.0,0.0
4011676277,1,1,3.6729693011516195E-4,0.0,0.0
1684188870,1,1,3.2107859953988224E-4,0.0,0.0
1179752519716622336,1,1,3.470764104884771E-4,0.0,0.0
1653583890,1,1,5.290610871286412E-4,0.0,0.0
93969478,1,1,5.290610871286412E-4,0.0,0.0
80741093,1,1,2.860490906038608E-4,0.0,0.0
1193707439247347712,1,1,2.880547773399579E-4,0.0,0.0
1196432627353432067,1,1,2.706052992855072E-4,0.0,0.0
823036614410502144,1,1,2.7768363769833866E-4,0.0,0.0
2933349943,1,1,2.8913017494629196E-4,0.0,0.0
849384902,1,1,3.2107859953988224E-4,0.0,0.0
27069877,3,1,0.0010143535581690788,3.0,0.0
980545691834445825,1,1,3.6729693011516195E-4,0.0,0.0
764475416396566528,1,1,2.876828616042104E-4,0.0,0.0
856211519230455808,1,1,2.7768363769833866E-4,0.0,0.0
523873119,1,1,3.008685465253904E-4,0.0,0.0
3237084420,1,1,2.8836149460190365E-4,0.0,0.0
1097354129590996997,1,1,3.0391951290765075E-4,0.0,0.0
1186297829058179072,1,1,2.9652511142176457E-4,0.0,0.0
3232297010,1,1,2.8836149460190365E-4,0.0,0.0
999941516444528640,1,1,2.87270170425788E-4,0.0,0.0
1084561329132920838,1,1,2.7768363769833866E-4,0.0,0.0
2458410882,1,1,2.8817546509824155E-4,0.0,0.0
2694526742,1,1,5.290610871286412E-4,0.0,0.0
923310293110935553,1,1,5.290610871286412E-4,0.0,0.0
16200369,1,1,2.7768363769833866E-4,0.0,0.0
2595185580,1,1,2.880547773399579E-4,0.0,0.0
1027918573757448193,1,1,2.810830518896319E-4,0.0,0.0
1408710426,1,1,3.2107859953988224E-4,0.0,0.0
1182260028444688385,1,1,2.876828616042104E-4,0.0,0.0
1173591245311995904,1,1,2.880547773399579E-4,0.0,0.0
50932653,1,1,2.876828616042104E-4,0.0,0.0
884095964730019841,2,1,4.872938238792492E-4,5141.0,0.5
67025567,1,1,5.290610871286412E-4,0.0,0.0
472358630,1,1,5.290610871286412E-4,0.0,0.0
1213098570556964864,1,1,2.8836149460190365E-4,0.0,0.0
150442957,1,1,3.2107859953988224E-4,0.0,0.0
1038746606047121410,1,1,2.7768363769833866E-4,0.0,0.0
13684132,1,1,3.470764104884771E-4,0.0,0.0
125053452,1,1,3.028555683282506E-4,0.0,0.0
1184870155995631617,1,1,2.880547773399579E-4,0.0,0.0
905416026761953280,1,1,2.7768363769833866E-4,0.0,0.0
1115723971654107136,1,1,2.706052992855072E-4,0.0,0.0
326237223,1,1,2.8817546509824155E-4,0.0,0.0
4061868154,1,1,2.8456465358915313E-4,0.0,0.0
842624280,1,1,2.957473991284305E-4,0.0,0.0
3311241707,1,1,2.969646879353884E-4,0.0,0.0
204915741,1,1,2.7768363769833866E-4,0.0,0.0
1453042032,1,1,2.7768363769833866E-4,0.0,0.0
317223956,1,1,2.8973384951835006E-4,0.0,0.0
2948783698,1,1,3.162877288058228E-4,0.0,0.0
2329329656,1,1,2.847425514507317E-4,0.0,0.0
1883176435,1,1,3.2107859953988224E-4,0.0,0.0
1054435044612337664,1,1,2.7768363769833866E-4,0.0,0.0
1078734528489742336,1,1,2.897853843152446E-4,0.0,0.0
410501724,1,1,2.847425514507317E-4,0.0,0.0
72853190,1,1,2.938444842548556E-4,0.0,0.0
747433580,2,1,7.7170732264886E-4,1.0,0.0
249403561,1,1,4.0773796936853176E-4,0.0,0.0
842791736,1,1,4.0773796936853176E-4,0.0,0.0
2398006117,1,1,2.8456465358915313E-4,0.0,0.0
3222921301,2,1,5.849793234820675E-4,67.0,0.0
737142202481016832,1,1,2.9334173479456E-4,0.0,0.0
823434812572762112,1,1,2.8817546509824155E-4,0.0,0.0
1181658203324665862,1,1,2.87270170425788E-4,0.0,0.0
1952275405,1,1,2.847425514507317E-4,0.0,0.0
2890676769,1,1,3.062172595156005E-4,0.0,0.0
979006300284735489,1,1,2.9886144295997034E-4,0.0,0.0
1136435476292886528,1,1,2.876828616042104E-4,0.0,0.0
795684308656631808,1,1,2.8817546509824155E-4,0.0,0.0
712120147599708160,1,1,3.2107859953988224E-4,0.0,0.0
1050444977275265024,1,1,2.847425514507317E-4,0.0,0.0
998225874234290176,1,1,2.880547773399579E-4,0.0,0.0
2733212308,1,1,2.847425514507317E-4,0.0,0.0
1135100917,2,1,4.969528844449446E-4,3024.0,0.5
578112146,1,1,3.309269527690814E-4,0.0,0.0
1215695747334623232,1,1,3.050799466484392E-4,0.0,0.0
986095928716046336,1,1,2.878555894063434E-4,0.0,0.0
2721904547,1,1,2.706052992855072E-4,0.0,0.0
1177936044924256256,1,1,2.8836149460190365E-4,0.0,0.0
1054056961392697344,2,1,7.7170732264886E-4,1.0,0.0
710123736175783938,1,1,4.0773796936853176E-4,0.0,0.0
1103547704096051205,1,1,2.8836149460190365E-4,0.0,0.0
1023955079370616832,1,1,2.74727417179088E-4,0.0,0.0
317156510,2,2,5.015629076932356E-4,0.0,1.0
572366128,3,2,7.50278321432127E-4,14.0,0.3333333333333333
61435370,1,1,5.290610871286412E-4,0.0,0.0
1144301178756325381,1,1,5.290610871286412E-4,0.0,0.0
869209216883367936,1,1,2.8817546509824155E-4,0.0,0.0
945225613962567681,1,1,2.897853843152446E-4,0.0,0.0
91390903,1,1,3.268558908617921E-4,0.0,0.0
116143055,3,1,7.160008782091532E-4,0.0,1.5
1696858201,1,1,2.876828616042104E-4,0.0,0.0
955745235493179392,2,1,7.7170732264886E-4,1.0,0.0
756776156288970753,1,1,4.0773796936853176E-4,0.0,0.0
459933776,1,1,2.8817546509824155E-4,0.0,0.0
130922707,2,2,4.489920927046278E-4,413.11111111111273,0.5
20751592,1,1,3.6729693011516195E-4,0.0,0.0
740995314266558464,1,1,2.8817546509824155E-4,0.0,0.0
1126406893709037568,1,1,2.880547773399579E-4,0.0,0.0
2707728270,1,1,2.7768363769833866E-4,0.0,0.0
891527427360309248,1,1,2.880547773399579E-4,0.0,0.0
466728753,2,1,5.602944357999705E-4,400.0,0.0
1059920822813577223,1,1,3.179381274447458E-4,0.0,0.0
1182842029526540288,1,1,2.7768363769833866E-4,0.0,0.0
2232463302,1,1,3.008685465253904E-4,0.0,0.0
133684459,1,1,2.8456465358915313E-4,0.0,0.0
1024230271820824576,1,1,2.957473991284305E-4,0.0,0.0
2305422800,1,1,2.6041098993060015E-4,0.0,0.0
2823890036,1,1,2.9652511142176457E-4,0.0,0.0
3266573899,1,1,3.003731258423407E-4,0.0,0.0
1205688866373591043,1,1,2.8817546509824155E-4,0.0,0.0
2471027772,1,1,2.7768363769833866E-4,0.0,0.0
3161702264,1,1,2.7768363769833866E-4,0.0,0.0
770343943674466304,1,1,2.87270170425788E-4,0.0,0.0
940213619978936320,1,1,3.028555683282506E-4,0.0,0.0
82807134,1,1,4.0773796936853176E-4,0.0,0.0
610323,1,1,2.8836149460190365E-4,0.0,0.0
1166741125773897728,1,1,3.224690553427588E-4,0.0,0.0
1041129361905274880,1,1,3.2107859953988224E-4,0.0,0.0
952461245457752065,1,1,2.876828616042104E-4,0.0,0.0
1162789295322591233,1,1,2.9652511142176457E-4,0.0,0.0
76989128,1,1,2.906486734720603E-4,0.0,0.0
14825402,1,1,2.8817546509824155E-4,0.0,0.0
154757564,1,1,3.268558908617921E-4,0.0,0.0
293613793,1,1,2.706052992855072E-4,0.0,0.0
3195789017,1,1,2.87270170425788E-4,0.0,0.0
800080023843532800,1,1,2.918279359099919E-4,0.0,0.0
1152247009652461571,1,1,2.847425514507317E-4,0.0,0.0
1055814516083064833,1,1,2.8456465358915313E-4,0.0,0.0
534667698,1,1,3.2107859953988224E-4,0.0,0.0
1196115751414980608,1,1,2.7768363769833866E-4,0.0,0.0
995918029,1,1,3.3494409871246615E-4,0.0,0.0
331834008,1,1,3.0847360029207866E-4,0.0,0.0
2962271415,1,1,2.847425514507317E-4,0.0,0.0
975733530557689856,1,1,2.878555894063434E-4,0.0,0.0
1144340138769731586,1,1,2.706052992855072E-4,0.0,0.0
1035113356980641792,1,1,2.8978799587748265E-4,0.0,0.0
1579439978,1,1,2.7768363769833866E-4,0.0,0.0
988365682537648129,1,1,2.8978799587748265E-4,0.0,0.0
1026755515039318016,1,1,2.9909851316296235E-4,0.0,0.0
1163070119800713221,1,1,2.87270170425788E-4,0.0,0.0
3225880994,1,1,3.028555683282506E-4,0.0,0.0
214266498,1,1,3.2529727150644184E-4,0.0,0.0
947432834511208448,1,1,2.8836149460190365E-4,0.0,0.0
1161163394235412480,1,1,5.290610871286412E-4,0.0,0.0
2905465582,1,1,5.290610871286412E-4,0.0,0.0
260996730,1,1,2.8836149460190365E-4,0.0,0.0
2765748430,1,1,2.7637563890902257E-4,0.0,0.0
1151812664961720320,1,1,2.8817546509824155E-4,0.0,0.0
2360380008,1,1,2.7637563890902257E-4,0.0,0.0
4399191863,1,1,5.290610871286412E-4,0.0,0.0
1010670316392255489,1,1,5.290610871286412E-4,0.0,0.0
102202180,1,1,2.9909851316296235E-4,0.0,0.0
839219383,1,1,2.880547773399579E-4,0.0,0.0
1096416340498239490,1,1,2.7768363769833866E-4,0.0,0.0
46468157,1,1,4.0773796936853176E-4,0.0,0.0
16877851,1,1,3.268558908617921E-4,0.0,0.0
861467829492633600,1,1,2.969646879353884E-4,0.0,0.0
193514165,1,1,2.918148664384489E-4,0.0,0.0
274079885,1,1,2.8215580587275354E-4,0.0,0.0
1074970286825619456,1,1,2.7768363769833866E-4,0.0,0.0
142336333,1,1,4.0773796936853176E-4,0.0,0.0
723896723794440193,3,1,8.039637777974913E-4,0.0,1.5
897358960239443968,1,1,3.073866270154962E-4,0.0,0.0
726342439275995137,1,1,5.290610871286412E-4,0.0,0.0
1208795851717562369,1,1,5.290610871286412E-4,0.0,0.0
1918016402,1,1,2.706052992855072E-4,0.0,0.0
2442023709,1,1,2.847425514507317E-4,0.0,0.0
1220443534068613121,1,1,2.8836149460190365E-4,0.0,0.0
715351199,1,1,2.982799399467377E-4,0.0,0.0
715427474889449472,1,1,2.957473991284305E-4,0.0,0.0
3689059701,1,1,2.8836149460190365E-4,0.0,0.0
3220886461,1,1,2.918279359099919E-4,0.0,0.0
770323805302554624,1,1,2.880547773399579E-4,0.0,0.0
388736253,1,1,2.847425514507317E-4,0.0,0.0
1202234374084677634,1,1,2.8817546509824155E-4,0.0,0.0
987959171352969216,1,1,3.2107859953988224E-4,0.0,0.0
362274812,1,1,2.8239751086072166E-4,0.0,0.0
1167795162883321861,1,1,2.706052992855072E-4,0.0,0.0
151498816,1,1,3.2107859953988224E-4,0.0,0.0
68203308,1,1,2.876828616042104E-4,0.0,0.0
872273214,1,1,2.7768363769833866E-4,0.0,0.0
21471777,1,1,2.7768363769833866E-4,0.0,0.0
3333164233,1,1,2.5091298845052515E-4,0.0,0.0
4205197872,1,1,2.7768363769833866E-4,0.0,0.0
1676438311,1,1,2.87270170425788E-4,0.0,0.0
822422334,1,1,3.470764104884771E-4,0.0,0.0
260944087,2,2,4.4640008697145847E-4,0.0,1.5
1185894286409252864,1,1,2.706052992855072E-4,0.0,0.0
67085056,1,1,3.2107859953988224E-4,0.0,0.0
859526636827549697,1,1,3.2107859953988224E-4,0.0,0.0
1200069581894643712,1,1,2.8913017494629196E-4,0.0,0.0
992566131419381760,1,1,3.268558908617921E-4,0.0,0.0
2973861076,2,1,7.7170732264886E-4,1.0,0.0
161821622,1,1,4.0773796936853176E-4,0.0,0.0
973594964734099456,1,1,2.8456465358915313E-4,0.0,0.0
7934702,1,1,3.0847360029207866E-4,0.0,0.0
997723772592377856,1,1,2.7768363769833866E-4,0.0,0.0
606311273,1,1,2.87270170425788E-4,0.0,0.0
763577670240243712,1,1,3.062172595156005E-4,0.0,0.0
2165428397,1,1,5.290610871286412E-4,0.0,0.0
39689416,1,1,5.290610871286412E-4,0.0,0.0
514623965,1,1,2.951218241484356E-4,0.0,0.0
886205796400463872,1,1,2.8836149460190365E-4,0.0,0.0
767651972,1,1,2.8817546509824155E-4,0.0,0.0
1169649345614032897,1,1,2.8978799587748265E-4,0.0,0.0
1074905901188943872,1,1,3.2692304602739225E-4,0.0,0.0
4825717577,1,1,3.474981418901332E-4,0.0,0.0
4888131867,1,1,2.87270170425788E-4,0.0,0.0
990709514721775618,1,1,2.7768363769833866E-4,0.0,0.0
38588833,1,1,3.2107859953988224E-4,0.0,0.0
19350395,2,2,4.4640008697145847E-4,0.0,1.5
201177335,1,1,2.7768363769833866E-4,0.0,0.0
3384684106,1,1,2.87270170425788E-4,0.0,0.0
114770420,1,1,2.706052992855072E-4,0.0,0.0
159709214,1,1,2.847425514507317E-4,0.0,0.0
895815262024454146,1,1,5.290610871286412E-4,0.0,0.0
1098534978055430150,1,1,5.290610871286412E-4,0.0,0.0
105620059,1,1,2.8239751086072166E-4,0.0,0.0
1165647880788381696,1,1,3.470764104884771E-4,0.0,0.0
1917474458,1,1,2.876828616042104E-4,0.0,0.0
1165271203554086912,1,1,2.880547773399579E-4,0.0,0.0
870466436875137026,1,1,2.918279359099919E-4,0.0,0.0
547904132,1,1,2.8456465358915313E-4,0.0,0.0
880402054610604032,1,1,5.290610871286412E-4,0.0,0.0
455095726,1,1,5.290610871286412E-4,0.0,0.0
1219344216041586688,1,1,2.915238935795112E-4,0.0,0.0
1890086862,1,1,2.87270170425788E-4,0.0,0.0
822923417028435968,1,1,3.286301674164587E-4,0.0,0.0
813105787711078400,1,1,2.876828616042104E-4,0.0,0.0
2883998483,1,1,4.0773796936853176E-4,0.0,0.0
865418352755265537,1,1,5.290610871286412E-4,0.0,0.0
77201228,1,1,5.290610871286412E-4,0.0,0.0
776842337678872578,1,1,2.860490906038608E-4,0.0,0.0
1206267670997479424,1,1,2.847425514507317E-4,0.0,0.0
18128814,1,1,2.7768363769833866E-4,0.0,0.0
1147673573596762117,1,1,2.87270170425788E-4,0.0,0.0
2510918743,1,1,2.969646879353884E-4,0.0,0.0
1175651759739547648,1,1,2.7768363769833866E-4,0.0,0.0
1941778850,1,1,2.706052992855072E-4,0.0,0.0
1211393073957064704,1,1,2.749483180132107E-4,0.0,0.0
1050024948864045056,1,1,2.87270170425788E-4,0.0,0.0
2379953404,1,1,3.2107859953988224E-4,0.0,0.0
1036655909047623683,1,1,4.0773796936853176E-4,0.0,0.0
42628772,1,1,2.957473991284305E-4,0.0,0.0
3388096749,1,1,2.8817546509824155E-4,0.0,0.0
37874853,1,1,3.352319860874918E-4,0.0,0.0
788056348009308161,1,1,2.87270170425788E-4,0.0,0.0
458709872,1,1,5.290610871286412E-4,0.0,0.0
48008906,1,1,5.290610871286412E-4,0.0,0.0
357473125,1,1,2.87270170425788E-4,0.0,0.0
168688425,1,1,2.906486734720603E-4,0.0,0.0
2626859745,1,1,2.8817546509824155E-4,0.0,0.0
317700874,1,1,5.290610871286412E-4,0.0,0.0
521793778,1,1,5.290610871286412E-4,0.0,0.0
289041919,1,1,2.7768363769833866E-4,0.0,0.0
975020947731296256,1,1,2.9909851316296235E-4,0.0,0.0
827830917313945601,1,1,2.9334173479456E-4,0.0,0.0
1151494604472012801,1,1,2.847425514507317E-4,0.0,0.0
1059592296,1,1,3.6729693011516195E-4,0.0,0.0
123640968,1,1,2.918148664384489E-4,0.0,0.0
1162155834752688129,1,1,2.880547773399579E-4,0.0,0.0
822615255901683713,1,1,2.5091298845052515E-4,0.0,0.0
348058185,1,1,2.918279359099919E-4,0.0,0.0
1213908127239639040,1,1,2.8978799587748265E-4,0.0,0.0
1298636822,1,1,2.918279359099919E-4,0.0,0.0
2455624916,1,1,2.918148664384489E-4,0.0,0.0
1189556874791837696,1,1,3.2107859953988224E-4,0.0,0.0
468732172,1,1,3.470764104884771E-4,0.0,0.0
1192774871723520000,1,1,2.8913017494629196E-4,0.0,0.0
179281618,1,1,2.8456465358915313E-4,0.0,0.0
1144044481529995265,1,1,2.7768363769833866E-4,0.0,0.0
1067126993664266246,1,1,2.8456465358915313E-4,0.0,0.0
266126530,1,1,2.74727417179088E-4,0.0,0.0
1167386420312338433,1,1,3.470764104884771E-4,0.0,0.0
1145631872833208320,1,1,2.918279359099919E-4,0.0,0.0
148988782,1,1,4.0773796936853176E-4,0.0,0.0
15829574,1,1,3.6729693011516195E-4,0.0,0.0
25550683,2,2,4.548542493037343E-4,0.0,2.0
427530846,1,1,2.8817546509824155E-4,0.0,0.0
988535662973411328,1,1,2.7768363769833866E-4,0.0,0.0
754697103490752512,1,1,5.290610871286412E-4,0.0,0.0
1275646346,1,1,5.290610871286412E-4,0.0,0.0
3225098708,1,1,2.880547773399579E-4,0.0,0.0
1125664963148820480,1,1,2.918279359099919E-4,0.0,0.0
2306452739,1,1,2.87270170425788E-4,0.0,0.0
2183306017,1,1,2.938444842548556E-4,0.0,0.0
2916713439,2,2,4.489920927046278E-4,413.11111111111273,0.5
815458027,1,1,3.3494409871246615E-4,0.0,0.0
901386956529168384,1,1,2.897853843152446E-4,0.0,0.0
991798729026998274,1,1,2.7768363769833866E-4,0.0,0.0
1187863652306735105,1,1,2.8817546509824155E-4,0.0,0.0
810995903209279488,1,1,2.7768363769833866E-4,0.0,0.0
1091990725,1,1,2.947004263774689E-4,0.0,0.0
1160993627285393409,1,1,2.7768363769833866E-4,0.0,0.0
32611827,1,1,3.341109705655456E-4,0.0,0.0
829144748149530625,1,1,2.957473991284305E-4,0.0,0.0
117431896,1,1,2.880547773399579E-4,0.0,0.0
804699353017303041,1,1,2.906486734720603E-4,0.0,0.0
3018190138,1,1,2.7768363769833866E-4,0.0,0.0
822776526080974849,1,1,2.87270170425788E-4,0.0,0.0
3900871457,1,1,2.7768363769833866E-4,0.0,0.0
36912627,1,1,2.876828616042104E-4,0.0,0.0
1169259518980550656,1,1,2.8817546509824155E-4,0.0,0.0
228425689,1,1,3.0847360029207866E-4,0.0,0.0
492890318,1,1,2.8456465358915313E-4,0.0,0.0
25383811,1,1,3.0672732068296523E-4,0.0,0.0
251314858,1,1,3.0847360029207866E-4,0.0,0.0
1182303829049499649,1,1,2.880547773399579E-4,0.0,0.0
838922283485888513,1,1,2.969646879353884E-4,0.0,0.0
564648532,1,1,2.7768363769833866E-4,0.0,0.0
163626482,1,1,2.8817546509824155E-4,0.0,0.0
1606257728,1,1,2.706052992855072E-4,0.0,0.0
1123076752266256384,1,1,3.268558908617921E-4,0.0,0.0
1166655513515347968,1,1,2.880547773399579E-4,0.0,0.0
1195082584742649856,1,1,3.0314809072673986E-4,0.0,0.0
137930016,1,1,3.3828003418370827E-4,0.0,0.0
911258819451248640,1,1,3.050799466484392E-4,0.0,0.0
21000275,1,1,2.8817546509824155E-4,0.0,0.0
195731547,1,1,4.0773796936853176E-4,0.0,0.0
1162474053296242688,1,1,2.9652511142176457E-4,0.0,0.0
1169398236404043776,1,1,2.9652511142176457E-4,0.0,0.0
3406786625,1,1,2.7768363769833866E-4,0.0,0.0
3525913096,1,1,2.7637563890902257E-4,0.0,0.0
1119630283328884736,1,1,2.982799399467377E-4,0.0,0.0
1077571645932560384,1,1,2.706052992855072E-4,0.0,0.0
223782598,1,1,2.969646879353884E-4,0.0,0.0
101038791,1,1,5.290610871286412E-4,0.0,0.0
407724045,1,1,5.290610871286412E-4,0.0,0.0
3310399162,1,1,2.9334173479456E-4,0.0,0.0
918908807387975681,1,1,2.938444842548556E-4,0.0,0.0
1105170663269167105,1,1,2.876828616042104E-4,0.0,0.0
14097391,1,1,3.0847360029207866E-4,0.0,0.0
968160666468212737,1,1,2.8836149460190365E-4,0.0,0.0
261864009,1,1,2.880547773399579E-4,0.0,0.0
1110218144193355776,1,1,2.957473991284305E-4,0.0,0.0
1078715018370273283,1,1,5.290610871286412E-4,0.0,0.0
1089682312101548033,1,1,5.290610871286412E-4,0.0,0.0
756903353473458176,1,1,2.8836149460190365E-4,0.0,0.0
2877712525,1,1,2.951218241484356E-4,0.0,0.0
839529596353720324,1,1,2.7768363769833866E-4,0.0,0.0
1220098677986992128,1,1,2.897853843152446E-4,0.0,0.0
808014258,1,1,2.8817546509824155E-4,0.0,0.0
137410750,1,1,2.9334173479456E-4,0.0,0.0
3327424237,1,1,2.706052992855072E-4,0.0,0.0
1097276701770301440,1,1,2.7768363769833866E-4,0.0,0.0
836205188511842304,1,1,5.290610871286412E-4,0.0,0.0
761763343,1,1,5.290610871286412E-4,0.0,0.0
1198398320785395712,1,1,2.7790201536902513E-4,0.0,0.0
994006286873387008,1,1,2.7768363769833866E-4,0.0,0.0
1107600182705876992,1,1,3.300919929462292E-4,0.0,0.0
3114591728,1,1,2.706052992855072E-4,0.0,0.0
793780794,1,1,2.87270170425788E-4,0.0,0.0
1106710810452258821,1,1,2.8978799587748265E-4,0.0,0.0
2984811731,1,1,2.87270170425788E-4,0.0,0.0
29539620,1,1,3.268558908617921E-4,0.0,0.0
473326717,1,1,2.7768363769833866E-4,0.0,0.0
218885245,1,1,4.0773796936853176E-4,0.0,0.0
1112872177102143488,1,1,3.0314809072673986E-4,0.0,0.0
14327726,1,1,5.290610871286412E-4,0.0,0.0
1441858172,1,1,5.290610871286412E-4,0.0,0.0
1736476482,1,1,3.062172595156005E-4,0.0,0.0
1142424032794406912,1,1,4.0773796936853176E-4,0.0,0.0
1152351378682998784,1,1,2.957473991284305E-4,0.0,0.0
2197145467,1,1,3.0672732068296523E-4,0.0,0.0
779296861,1,1,4.0773796936853176E-4,0.0,0.0
2245099266,1,1,3.0314809072673986E-4,0.0,0.0
550188513,1,1,2.897853843152446E-4,0.0,0.0
1650682903,1,1,3.050799466484392E-4,0.0,0.0
1092402514652250113,1,1,2.8978799587748265E-4,0.0,0.0
1086580311931191296,1,1,4.0773796936853176E-4,0.0,0.0
17178964,1,1,3.1957551999327836E-4,0.0,0.0
1613642119,1,1,3.6729693011516195E-4,0.0,0.0
1181984682772221954,1,1,2.860490906038608E-4,0.0,0.0
702242578754838530,1,1,2.8456465358915313E-4,0.0,0.0
94484529,1,1,2.847425514507317E-4,0.0,0.0
708556971784474624,1,1,2.8817546509824155E-4,0.0,0.0
3295347892,1,1,3.268558908617921E-4,0.0,0.0
1180550665770356741,1,1,2.7768363769833866E-4,0.0,0.0
825074418011471874,1,1,2.860490906038608E-4,0.0,0.0
767770309399289860,1,1,2.87270170425788E-4,0.0,0.0
325429568,1,1,2.876828616042104E-4,0.0,0.0
17995387,1,1,2.8973384951835006E-4,0.0,0.0
848991775,1,1,2.878555894063434E-4,0.0,0.0
1418917634,1,1,2.7768363769833866E-4,0.0,0.0
2210785286,1,1,2.8456465358915313E-4,0.0,0.0
192012830,1,1,2.969646879353884E-4,0.0,0.0
4244460531,1,1,2.87270170425788E-4,0.0,0.0
1353587677,1,1,2.957473991284305E-4,0.0,0.0
241529045,1,1,2.969646879353884E-4,0.0,0.0
1201184419723333632,1,1,2.9909851316296235E-4,0.0,0.0
844242728091357184,1,1,2.860490906038608E-4,0.0,0.0
1135271750,1,1,5.290610871286412E-4,0.0,0.0
157941808,1,1,5.290610871286412E-4,0.0,0.0
804055305483128832,1,1,2.918279359099919E-4,0.0,0.0
3930612321,1,1,3.6729693011516195E-4,0.0,0.0
49138357,1,1,2.847425514507317E-4,0.0,0.0
2460179640,1,1,2.860490906038608E-4,0.0,0.0
24213183,1,1,2.7768363769833866E-4,0.0,0.0
715168417955913728,1,1,3.470764104884771E-4,0.0,0.0
4062490634,1,1,2.5091298845052515E-4,0.0,0.0
3905195070,1,1,2.87270170425788E-4,0.0,0.0
537784943,1,1,2.7768363769833866E-4,0.0,0.0
703005266569252864,1,1,2.87270170425788E-4,0.0,0.0
1104759620495704064,1,1,2.860490906038608E-4,0.0,0.0
850611961645510658,1,1,2.880547773399579E-4,0.0,0.0
1218434261361012736,1,1,2.876828616042104E-4,0.0,0.0
573878166,1,1,2.920372661911796E-4,0.0,0.0
927647719782539265,1,1,2.860490906038608E-4,0.0,0.0
97301846,1,1,2.8817546509824155E-4,0.0,0.0
3073309482,1,1,2.906486734720603E-4,0.0,0.0
2391345684,3,1,8.039637777974913E-4,0.0,1.5
1014175274756395009,1,1,3.073866270154962E-4,0.0,0.0
868549795,1,1,2.7637563890902257E-4,0.0,0.0
1114593339754647552,1,1,2.87270170425788E-4,0.0,0.0
130795592,1,1,2.8978799587748265E-4,0.0,0.0
936304563421941760,1,1,2.7768363769833866E-4,0.0,0.0
50141692,1,1,2.8836149460190365E-4,0.0,0.0
202709401,1,1,2.880547773399579E-4,0.0,0.0
1160151458463064064,1,1,3.008685465253904E-4,0.0,0.0
1151453314875310081,1,1,2.7768363769833866E-4,0.0,0.0
810653855809699844,1,1,2.918279359099919E-4,0.0,0.0
1255875523,1,1,2.706052992855072E-4,0.0,0.0
500660761,1,1,2.880547773399579E-4,0.0,0.0
15628202,1,1,2.847425514507317E-4,0.0,0.0
745669328,2,1,5.039738003289697E-4,900.0,0.0
16632562,1,1,3.470764104884771E-4,0.0,0.0
27562799,1,1,3.050799466484392E-4,0.0,0.0
133672660,1,1,4.0773796936853176E-4,0.0,0.0
1023774183338246150,1,1,2.938444842548556E-4,0.0,0.0
1166404686817030144,1,1,2.880547773399579E-4,0.0,0.0
1215368737416794112,1,1,3.050799466484392E-4,0.0,0.0
2360673589,1,1,3.268558908617921E-4,0.0,0.0
33218886,1,1,3.2107859953988224E-4,0.0,0.0
523938688,1,1,2.7768363769833866E-4,0.0,0.0
41372760,1,1,3.2107859953988224E-4,0.0,0.0
190917647,1,1,2.7768363769833866E-4,0.0,0.0
441431514,1,1,2.876828616042104E-4,0.0,0.0
1216178594554183680,1,1,2.860490906038608E-4,0.0,0.0
969880908869390336,2,1,5.602944357999705E-4,400.0,0.0
318993150,1,1,2.7768363769833866E-4,0.0,0.0
59854952,1,1,3.1919253269463297E-4,0.0,0.0
773950678955884544,1,1,2.87270170425788E-4,0.0,0.0
893687675861045248,1,1,2.7768363769833866E-4,0.0,0.0
991960795712925696,1,1,2.8456465358915313E-4,0.0,0.0
14594980,1,1,5.290610871286412E-4,0.0,0.0
2467302827,1,1,5.290610871286412E-4,0.0,0.0
1220901026942857216,1,1,2.7768363769833866E-4,0.0,0.0
771894270622109696,1,1,2.87270170425788E-4,0.0,0.0
22810235,1,1,2.876828616042104E-4,0.0,0.0
1182079971914915840,1,1,2.706052992855072E-4,0.0,0.0
1154849444455682048,1,1,2.7768363769833866E-4,0.0,0.0
84563913,1,1,3.474981418901332E-4,0.0,0.0
378521002,1,1,2.9954326600367464E-4,0.0,0.0
882993138,1,1,3.470764104884771E-4,0.0,0.0
1012027927037440000,1,1,2.847425514507317E-4,0.0,0.0
2689900176,1,1,3.6729693011516195E-4,0.0,0.0
254263052,2,1,7.7170732264886E-4,1.0,0.0
725118822009688065,1,1,4.0773796936853176E-4,0.0,0.0
954421446134001664,1,1,2.918279359099919E-4,0.0,0.0
9308852,1,1,2.876828616042104E-4,0.0,0.0
969371520,1,1,2.906486734720603E-4,0.0,0.0
17414309,1,1,2.7768363769833866E-4,0.0,0.0
1969927374,1,1,2.880547773399579E-4,0.0,0.0
1101822316147728385,1,1,2.906486734720603E-4,0.0,0.0
2814630924,1,1,3.2107859953988224E-4,0.0,0.0
114127411,1,1,2.7790201536902513E-4,0.0,0.0
875211633320120321,1,1,3.1957551999327836E-4,0.0,0.0
3835451007,1,1,2.8817546509824155E-4,0.0,0.0
700781867566403584,1,1,3.179381274447458E-4,0.0,0.0
25719623,1,1,5.290610871286412E-4,0.0,0.0
37954151,1,1,5.290610871286412E-4,0.0,0.0
1074149483804585984,1,1,2.5091298845052515E-4,0.0,0.0
1133514959755784192,1,1,2.632057918778575E-4,0.0,0.0
144212189,1,1,2.880547773399579E-4,0.0,0.0
60266497,1,1,2.865873181632381E-4,0.0,0.0
713707634898124800,1,1,2.87270170425788E-4,0.0,0.0
1076195084004147200,1,1,3.2107859953988224E-4,0.0,0.0
2779588149,1,1,2.87270170425788E-4,0.0,0.0
4382692752,1,1,2.876828616042104E-4,0.0,0.0
1163040056837324800,1,1,2.7637563890902257E-4,0.0,0.0
1055441794262069248,1,1,2.706052992855072E-4,0.0,0.0
1134558740580093958,1,1,2.969646879353884E-4,0.0,0.0
1078004201706409984,1,1,3.2692304602739225E-4,0.0,0.0
139960799,1,1,3.268558908617921E-4,0.0,0.0
3384961552,1,1,2.7768363769833866E-4,0.0,0.0
1048873314364547076,1,1,2.7768363769833866E-4,0.0,0.0
148407656,1,1,2.847425514507317E-4,0.0,0.0
1000144495499993089,2,1,7.7170732264886E-4,1.0,0.0
476053480,1,1,4.0773796936853176E-4,0.0,0.0
53026961,1,1,2.8456465358915313E-4,0.0,0.0
2959340609,1,1,2.87270170425788E-4,0.0,0.0
133634815,1,1,3.2107859953988224E-4,0.0,0.0
63384915,1,1,2.8836149460190365E-4,0.0,0.0
22376098,1,1,2.8456465358915313E-4,0.0,0.0
811955424161239042,1,1,4.0773796936853176E-4,0.0,0.0
273897097,1,1,3.008685465253904E-4,0.0,0.0
294824682,1,1,2.951218241484356E-4,0.0,0.0
1038088005695819776,1,1,2.7768363769833866E-4,0.0,0.0
252913066,1,1,3.0314809072673986E-4,0.0,0.0
2939888430,1,1,2.880547773399579E-4,0.0,0.0
232576728,1,1,2.7768363769833866E-4,0.0,0.0
483402670,1,1,2.918279359099919E-4,0.0,0.0
1335087630,1,1,2.8817546509824155E-4,0.0,0.0
338931322,1,1,2.876828616042104E-4,0.0,0.0
1173064556656189440,1,1,3.3494409871246615E-4,0.0,0.0
839441938881339392,1,1,2.876828616042104E-4,0.0,0.0
1338194694,1,1,2.906486734720603E-4,0.0,0.0
1162612316480757760,1,1,2.9652511142176457E-4,0.0,0.0
846410393698238464,1,1,2.957473991284305E-4,0.0,0.0
437007938,1,1,2.847425514507317E-4,0.0,0.0
20681749,1,1,3.003731258423407E-4,0.0,0.0
850282777383542784,1,1,2.876828616042104E-4,0.0,0.0
42480254,1,1,2.957473991284305E-4,0.0,0.0
1012029582508257280,1,1,2.7768363769833866E-4,0.0,0.0
4339881197,1,1,2.8817546509824155E-4,0.0,0.0
1199796273534115845,1,1,2.951218241484356E-4,0.0,0.0
2539933507,1,1,2.847425514507317E-4,0.0,0.0
848626596927987712,1,1,5.290610871286412E-4,0.0,0.0
111690888,1,1,5.290610871286412E-4,0.0,0.0
4263675208,1,1,3.2107859953988224E-4,0.0,0.0
169592372,1,1,2.969646879353884E-4,0.0,0.0
41463795,1,1,3.6729693011516195E-4,0.0,0.0
1002328977376022528,1,1,2.880547773399579E-4,0.0,0.0
1337622841,1,1,3.028555683282506E-4,0.0,0.0
1115146131434950656,1,1,2.8836149460190365E-4,0.0,0.0
1092658040845811712,1,1,3.3494409871246615E-4,0.0,0.0
753685005012836352,1,1,2.8836149460190365E-4,0.0,0.0
816280754607030272,1,1,2.7768363769833866E-4,0.0,0.0
958362707304091648,1,1,2.8456465358915313E-4,0.0,0.0
869111256,1,1,2.7768363769833866E-4,0.0,0.0
382381532,1,1,3.6729693011516195E-4,0.0,0.0
1169412719163822080,1,1,2.9652511142176457E-4,0.0,0.0
532183225,1,1,5.290610871286412E-4,0.0,0.0
274216165,1,1,5.290610871286412E-4,0.0,0.0
186467957,1,1,2.8817546509824155E-4,0.0,0.0
67338799,1,1,2.906486734720603E-4,0.0,0.0
1160050522939744257,1,1,2.8978799587748265E-4,0.0,0.0
1102283073943687169,1,1,2.87270170425788E-4,0.0,0.0
1162010420745342976,1,1,2.880547773399579E-4,0.0,0.0
285706984,1,1,2.957473991284305E-4,0.0,0.0
61349405,1,1,2.7768363769833866E-4,0.0,0.0
864621686259236864,1,1,2.860490906038608E-4,0.0,0.0
1166480871584665601,1,1,2.918279359099919E-4,0.0,0.0
158687579,1,1,2.878555894063434E-4,0.0,0.0
1026238111943217152,1,1,2.87270170425788E-4,0.0,0.0
14819246,1,1,2.7768363769833866E-4,0.0,0.0
833400816866201600,1,1,2.918279359099919E-4,0.0,0.0
2833916030,1,1,2.876828616042104E-4,0.0,0.0
3266230939,1,1,2.8817546509824155E-4,0.0,0.0
46613501,1,1,2.880547773399579E-4,0.0,0.0
834800247503196160,1,1,2.87270170425788E-4,0.0,0.0
1014566528,1,1,2.5091298845052515E-4,0.0,0.0
1500024132,1,1,3.003731258423407E-4,0.0,0.0
1215959975488442368,1,1,4.0773796936853176E-4,0.0,0.0
1306680870,1,1,2.8456465358915313E-4,0.0,0.0
383583763,1,1,2.918279359099919E-4,0.0,0.0
19390822,1,1,2.880547773399579E-4,0.0,0.0
55691011,1,1,2.8456465358915313E-4,0.0,0.0
812302550477045760,1,1,3.3494409871246615E-4,0.0,0.0
531598198,1,1,2.8817546509824155E-4,0.0,0.0
54578941,2,1,7.7170732264886E-4,1.0,0.0
1246670059,1,1,4.0773796936853176E-4,0.0,0.0
838852020828323840,1,1,2.8456465358915313E-4,0.0,0.0
24200759,1,1,5.290610871286412E-4,0.0,0.0
60361102,1,1,5.290610871286412E-4,0.0,0.0
84791510,1,1,3.134419688861581E-4,0.0,0.0
1216368724141203456,1,1,2.9652511142176457E-4,0.0,0.0
932089266045321217,1,1,3.268558908617921E-4,0.0,0.0
1120610094452858881,1,1,3.6729693011516195E-4,0.0,0.0
966284916915761153,1,1,2.7768363769833866E-4,0.0,0.0
1094367646836056064,1,1,2.87270170425788E-4,0.0,0.0
1089102684592861184,1,1,2.8836149460190365E-4,0.0,0.0
772199754482741248,1,1,2.8978799587748265E-4,0.0,0.0
1213773076749406208,1,1,3.268558908617921E-4,0.0,0.0
1040934259610071041,1,1,2.982799399467377E-4,0.0,0.0
1159740452045803520,1,1,2.87270170425788E-4,0.0,0.0
1159151495822135296,1,1,2.8836149460190365E-4,0.0,0.0
955512771982057472,1,1,2.7768363769833866E-4,0.0,0.0
792854173628923905,1,1,2.860490906038608E-4,0.0,0.0
3241822958,1,1,2.7768363769833866E-4,0.0,0.0
499218805,1,1,3.470764104884771E-4,0.0,0.0
852552175876231168,1,1,3.3494409871246615E-4,0.0,0.0
3193289931,1,1,2.947004263774689E-4,0.0,0.0
2904275869,1,1,2.7768363769833866E-4,0.0,0.0
4319652797,1,1,2.8215580587275354E-4,0.0,0.0
1220517963507425280,1,1,2.918148664384489E-4,0.0,0.0
2966637892,1,1,2.7768363769833866E-4,0.0,0.0
147248694,1,1,2.8817546509824155E-4,0.0,0.0
34181507,1,1,5.290610871286412E-4,0.0,0.0
896014223351980036,1,1,5.290610871286412E-4,0.0,0.0
541198983,1,1,2.7478654344601893E-4,0.0,0.0
1287084853,1,1,2.483209827173558E-4,0.0,0.0
2867431461,1,1,2.87270170425788E-4,0.0,0.0
1212422917033615360,1,1,2.706052992855072E-4,0.0,0.0
392428419,1,1,4.0773796936853176E-4,0.0,0.0
14533791,1,1,2.8817546509824155E-4,0.0,0.0
866643984009093122,1,1,2.8836149460190365E-4,0.0,0.0
1050222694510211072,1,1,2.7768363769833866E-4,0.0,0.0
2911171937,2,1,5.273522385426681E-4,279.0,0.0
1905253668,1,1,2.7768363769833866E-4,0.0,0.0
131012858,1,1,2.8456465358915313E-4,0.0,0.0
1058468656575926272,1,1,3.470764104884771E-4,0.0,0.0
326111183,1,1,3.2107859953988224E-4,0.0,0.0
25496022,1,1,3.268558908617921E-4,0.0,0.0
137552604,1,1,2.860490906038608E-4,0.0,0.0
588428892,1,1,2.7768363769833866E-4,0.0,0.0
764867611687542784,1,1,2.8456465358915313E-4,0.0,0.0
2616114769,1,1,2.880547773399579E-4,0.0,0.0
1046794064090284035,1,1,3.268558908617921E-4,0.0,0.0
1194683819334537217,1,1,2.8456465358915313E-4,0.0,0.0
1167371685785325569,1,1,2.880547773399579E-4,0.0,0.0
57700627,1,1,2.880547773399579E-4,0.0,0.0
1181213698460962816,1,1,4.0773796936853176E-4,0.0,0.0
18092622,1,1,2.938444842548556E-4,0.0,0.0
88562662,1,1,2.8456465358915313E-4,0.0,0.0
1178213880561975296,1,1,2.880547773399579E-4,0.0,0.0
272096502,1,1,4.0773796936853176E-4,0.0,0.0
1063261994642370560,1,1,2.918279359099919E-4,0.0,0.0
203815855,1,1,2.8456465358915313E-4,0.0,0.0
91736511,1,1,2.7768363769833866E-4,0.0,0.0
813579403024273408,1,1,3.6729693011516195E-4,0.0,0.0
1528058713,1,1,2.880547773399579E-4,0.0,0.0
3313760755,1,1,2.880547773399579E-4,0.0,0.0
94280478,1,1,2.847425514507317E-4,0.0,0.0
867717488477437952,1,1,2.8456465358915313E-4,0.0,0.0
1014586108800364544,2,1,6.037452384495032E-4,10.0,0.0
1199970041703358464,1,1,3.3654509246424627E-4,0.0,0.0
3170552591,1,1,3.028555683282506E-4,0.0,0.0
908064396,1,1,2.8817546509824155E-4,0.0,0.0
827187458244751360,1,1,3.2107859953988224E-4,0.0,0.0
28419811,1,1,2.749483180132107E-4,0.0,0.0
3313339219,1,1,2.906486734720603E-4,0.0,0.0
775778666022252544,1,1,2.982799399467377E-4,0.0,0.0
24039597,1,1,2.947004263774689E-4,0.0,0.0
901623617833779201,1,1,2.918279359099919E-4,0.0,0.0
788413959347048448,1,1,2.8817546509824155E-4,0.0,0.0
1217924764087595009,1,1,3.192739103826937E-4,0.0,0.0
1220702171399892992,1,1,2.847425514507317E-4,0.0,0.0
19836967,1,1,2.947004263774689E-4,0.0,0.0
774410751792545792,1,1,3.2107859953988224E-4,0.0,0.0
2833513650,1,1,3.268558908617921E-4,0.0,0.0
3305508632,1,1,3.5534062986768773E-4,0.0,0.0
467016100,1,1,2.8456465358915313E-4,0.0,0.0
310878976,1,1,2.847425514507317E-4,0.0,0.0
1204529350957322243,1,1,2.9886144295997034E-4,0.0,0.0
1173902622664736768,1,1,2.918148664384489E-4,0.0,0.0
907419378961940480,1,1,3.470764104884771E-4,0.0,0.0
19380916,1,1,2.7768363769833866E-4,0.0,0.0
84203667,1,1,3.268558908617921E-4,0.0,0.0
1322551362,1,1,4.0773796936853176E-4,0.0,0.0
2332743042,1,1,2.918279359099919E-4,0.0,0.0
1220297106205835265,1,1,2.87270170425788E-4,0.0,0.0
49893483,1,1,2.9652511142176457E-4,0.0,0.0
1213679927653879808,1,1,2.8354144179812033E-4,0.0,0.0
314419039,1,1,2.8354144179812033E-4,0.0,0.0
1199711973157543937,1,1,2.7768363769833866E-4,0.0,0.0
810726116780556289,1,1,2.880547773399579E-4,0.0,0.0
28817454,1,1,3.062172595156005E-4,0.0,0.0
3165752316,1,1,2.706052992855072E-4,0.0,0.0
516668595,1,1,2.969646879353884E-4,0.0,0.0
4445191097,1,1,2.7768363769833866E-4,0.0,0.0
3247605095,1,1,2.847425514507317E-4,0.0,0.0
2566565082,1,1,3.213393970534469E-4,0.0,0.0
1181890133420724224,1,1,2.918279359099919E-4,0.0,0.0
1447529352,1,1,2.8817546509824155E-4,0.0,0.0
1275157212,1,1,2.706052992855072E-4,0.0,0.0
4187049557,1,1,2.87270170425788E-4,0.0,0.0
1018144154445144064,1,1,4.0773796936853176E-4,0.0,0.0
251668274,1,1,2.918279359099919E-4,0.0,0.0
1206393649447284737,1,1,3.470764104884771E-4,0.0,0.0
98769374,1,1,2.8817546509824155E-4,0.0,0.0
38842183,1,1,5.290610871286412E-4,0.0,0.0
852109871654850562,1,1,5.290610871286412E-4,0.0,0.0
735101078,1,1,2.860490906038608E-4,0.0,0.0
823033611855142915,1,1,2.906486734720603E-4,0.0,0.0
3408076072,1,1,3.2692304602739225E-4,0.0,0.0
2903192644,1,1,2.8817546509824155E-4,0.0,0.0
1617461900,1,1,3.3494409871246615E-4,0.0,0.0
1078773315613925378,1,1,3.0570328236209665E-4,0.0,0.0
756181909592354816,1,1,2.87270170425788E-4,0.0,0.0
1130221737268924416,1,1,3.224690553427588E-4,0.0,0.0
714386061833728001,1,1,3.470764104884771E-4,0.0,0.0
2237957383,1,1,3.008685465253904E-4,0.0,0.0
386147209,1,1,2.847425514507317E-4,0.0,0.0
359274856,1,1,2.8817546509824155E-4,0.0,0.0
1168909450826190849,1,1,2.7768363769833866E-4,0.0,0.0
1017371723497340928,1,1,3.6729693011516195E-4,0.0,0.0
63674356,1,1,2.8836149460190365E-4,0.0,0.0
120440405,1,1,3.3494409871246615E-4,0.0,0.0
1090584733464100864,1,1,2.876828616042104E-4,0.0,0.0
372233788,1,1,3.3494409871246615E-4,0.0,0.0
1197243059114774528,1,1,5.290610871286412E-4,0.0,0.0
51541223,1,1,5.290610871286412E-4,0.0,0.0
864807148827660288,1,1,2.8973384951835006E-4,0.0,0.0
1096765239595397120,1,1,2.7768363769833866E-4,0.0,0.0
945775983122092032,1,1,2.706052992855072E-4,0.0,0.0
1156685085841788930,1,1,2.847425514507317E-4,0.0,0.0
4204685601,1,1,2.860490906038608E-4,0.0,0.0
164511669,1,1,2.876828616042104E-4,0.0,0.0
145167260,1,1,2.878555894063434E-4,0.0,0.0
57279615,1,1,5.290610871286412E-4,0.0,0.0
1200015024,1,1,5.290610871286412E-4,0.0,0.0
1148174019440631810,1,1,5.290610871286412E-4,0.0,0.0
126416116,1,1,5.290610871286412E-4,0.0,0.0
78139923,1,1,2.860490906038608E-4,0.0,0.0
3546078792,1,1,2.7768363769833866E-4,0.0,0.0
1215499117,1,1,2.7768363769833866E-4,0.0,0.0
476036740,1,1,2.87270170425788E-4,0.0,0.0
1455214891,1,1,3.003731258423407E-4,0.0,0.0
1625816070,1,1,2.8836149460190365E-4,0.0,0.0
986245358,1,1,4.0773796936853176E-4,0.0,0.0
1220435881791836160,1,1,4.0773796936853176E-4,0.0,0.0
1181416782919131136,1,1,2.9652511142176457E-4,0.0,0.0
411987281,1,1,2.9886144295997034E-4,0.0,0.0
1082439847166529537,1,1,2.8978799587748265E-4,0.0,0.0
888486356,1,1,3.0570328236209665E-4,0.0,0.0
261085109,1,1,2.8456465358915313E-4,0.0,0.0
1173547962586161152,1,1,2.8354144179812033E-4,0.0,0.0
170438644,1,1,2.8836149460190365E-4,0.0,0.0
1743765402,1,1,2.906486734720603E-4,0.0,0.0
1176528834679590912,1,1,2.880547773399579E-4,0.0,0.0
1121353595574734848,1,1,3.3494409871246615E-4,0.0,0.0
2808430817,1,1,2.880547773399579E-4,0.0,0.0
1198798017496788992,1,1,2.706052992855072E-4,0.0,0.0
756451859640963073,1,1,2.7637563890902257E-4,0.0,0.0
102574767,1,1,2.810830518896319E-4,0.0,0.0
2927103282,1,1,5.290610871286412E-4,0.0,0.0
2437613556,1,1,5.290610871286412E-4,0.0,0.0
877201512216367104,1,1,5.290610871286412E-4,0.0,0.0
1159767582326394887,1,1,5.290610871286412E-4,0.0,0.0
2279206926,1,1,2.982799399467377E-4,0.0,0.0
16224741,1,1,2.9909851316296235E-4,0.0,0.0
3005274663,1,1,3.470764104884771E-4,0.0,0.0
1199717258538471427,1,1,5.290610871286412E-4,0.0,0.0
975674360,1,1,5.290610871286412E-4,0.0,0.0
1218562510669975554,1,1,2.7768363769833866E-4,0.0,0.0
